days online,duration,tags in title,title length,description length,tag count,comment count/days online,times viewed/days online,title emoji count,description emoji count,VADER sentiment,Monday,Tuesday,Wednesday,Thursday,Friday,Saturday,Sunday,December,February,January,April,August,July,June,March,May,November,October,September,times liked
4,399,2,39,2110,17,13.25,559.25,1,53,0.96,0,0,0,0,1,0,0,0,0,0,0,0,0,1,0,0,0,0,0,249
4,189,2,61,1502,13,5,312.5,0,39,0.9878,0,0,0,0,1,0,0,0,0,0,0,0,0,1,0,0,0,0,0,128
5,277,1,41,1898,20,3.4,323.8,1,50,0.9947,0,0,0,1,0,0,0,0,0,0,0,0,0,1,0,0,0,0,0,156
11,254,3,45,1676,8,9.818181818,196.7272727,2,52,0.9877,0,0,0,0,1,0,0,0,0,0,0,0,0,1,0,0,0,0,0,120
12,291,2,59,2106,20,2.333333333,157.8333333,1,51,0.9895,0,0,0,1,0,0,0,0,0,0,0,0,0,1,0,0,0,0,0,167
15,213,2,56,1367,12,3,291.2666667,0,22,0.8891,1,0,0,0,0,0,0,0,0,0,0,0,0,0,0,1,0,0,0,333
18,464,3,81,2646,12,3.111111111,165.8888889,2,41,0.9675,0,0,0,0,1,0,0,0,0,0,0,0,0,0,0,1,0,0,0,208
19,287,3,49,1572,12,1.578947368,110.6315789,1,38,-0.6938,0,0,0,1,0,0,0,0,0,0,0,0,0,0,0,1,0,0,0,217
25,182,1,48,1299,10,0.68,94.92,1,29,0.9942,0,0,0,0,1,0,0,0,0,0,0,0,0,0,0,1,0,0,0,177
26,273,2,53,1594,15,1.653846154,156.0769231,1,38,-0.665,0,0,0,1,0,0,0,0,0,0,0,0,0,0,0,1,0,0,0,374
32,308,4,42,1248,20,0.84375,68.4375,2,44,-0.9903,0,0,0,0,1,0,0,0,0,0,0,0,0,0,0,1,0,0,0,179
33,335,3,70,1305,20,4.96969697,146.030303,1,24,0.9723,0,0,0,1,0,0,0,0,0,0,0,0,0,0,0,1,0,0,0,416
39,323,3,48,1530,21,1.025641026,95.84615385,1,36,0.8788,0,0,0,0,1,0,0,0,0,0,0,0,0,0,0,1,0,0,0,345
40,317,3,57,2646,15,5.05,131.35,1,32,0.9896,0,0,0,1,0,0,0,0,0,0,0,0,0,0,0,1,0,0,0,508
46,332,3,37,4503,14,1.369565217,111.673913,0,141,0.9953,0,0,0,0,1,0,0,0,0,0,1,0,0,0,0,0,0,0,0,412
47,492,2,50,2341,9,0.340425532,42.04255319,1,53,0.9974,0,0,0,1,0,0,0,0,0,0,1,0,0,0,0,0,0,0,0,174
49,136,2,73,573,10,3.93877551,51.97959184,1,15,0.9486,0,0,1,0,0,0,0,0,0,0,1,0,0,0,0,0,0,0,0,208
50,423,2,51,2036,17,0.52,56.76,1,55,0.9828,0,1,0,0,0,0,0,0,0,0,1,0,0,0,0,0,0,0,0,262
50,304,3,55,2463,21,0.54,52.92,1,62,0.985,1,0,0,0,0,0,0,0,0,0,1,0,0,0,0,0,0,0,0,231
52,548,3,56,4435,12,5.653846154,616.3846154,2,133,0.9975,0,0,0,0,0,1,0,0,0,0,1,0,0,0,0,0,0,0,0,2038
53,334,4,53,1274,23,0.773584906,30.01886792,1,33,0.6721,0,0,0,0,1,0,0,0,0,0,1,0,0,0,0,0,0,0,0,146
54,421,2,36,1510,16,1.425925926,112.2037037,0,34,0,0,0,0,1,0,0,0,0,0,0,1,0,0,0,0,0,0,0,0,465
59,216,2,36,1386,12,0.322033898,49.74576271,2,34,0.9542,0,0,0,0,0,1,0,0,0,0,1,0,0,0,0,0,0,0,0,201
68,1113,2,55,1961,16,0.794117647,52.22058824,1,42,0.958,0,0,0,1,0,0,0,0,0,0,1,0,0,0,0,0,0,0,0,255
69,1298,3,51,497,18,0.449275362,60.56521739,1,11,0.925,0,0,1,0,0,0,0,0,0,0,1,0,0,0,0,0,0,0,0,292
70,1618,2,53,598,12,0.4,46.9,1,15,0.9726,0,1,0,0,0,0,0,0,0,0,1,0,0,0,0,0,0,0,0,285
72,1848,3,59,1178,17,1.166666667,71.16666667,1,18,0.8658,0,0,0,0,0,0,1,0,0,0,1,0,0,0,0,0,0,0,0,466
74,252,1,44,1110,8,0.378378378,40.71621622,1,25,0.9827,0,0,0,0,0,1,0,0,0,0,1,0,0,0,0,0,0,0,0,286
74,408,5,84,3368,15,0.310810811,30.13513514,0,51,0.9884,0,0,0,0,1,0,0,0,0,0,1,0,0,0,0,0,0,0,0,210
75,395,2,53,3408,17,1.453333333,116.4933333,1,69,0.9267,0,0,0,1,0,0,0,0,0,0,0,0,0,0,1,0,0,0,0,694
81,476,3,48,3171,16,0.555555556,33.51851852,2,65,0.992,0,0,0,0,1,0,0,0,0,0,0,0,0,0,1,0,0,0,0,192
82,275,2,36,2270,15,0.5,36.75609756,0,38,-0.9643,0,0,0,1,0,0,0,0,0,0,0,0,0,0,1,0,0,0,0,271
88,275,1,54,2393,20,0.568181818,38.78409091,0,48,0.9936,0,0,0,0,1,0,0,0,0,0,0,0,0,0,1,0,0,0,0,309
89,281,2,64,3155,14,0.393258427,26.17977528,1,73,0.9966,0,0,0,1,0,0,0,0,0,0,0,0,0,0,1,0,0,0,0,221
96,359,2,77,2727,14,1.09375,99.52083333,1,43,0.7878,0,0,0,1,0,0,0,0,0,0,0,0,0,0,1,0,0,0,0,752
103,642,1,49,1844,20,0.611650485,88.47572816,2,30,0.9723,0,0,0,1,0,0,0,0,0,0,0,0,0,0,1,0,0,0,0,626
109,354,2,52,2976,20,1,35.91743119,2,57,0.99,0,0,0,0,1,0,0,0,1,0,0,0,0,0,0,0,0,0,0,388
110,292,2,82,3004,17,0.481818182,40.76363636,2,44,-0.4515,0,0,0,1,0,0,0,0,1,0,0,0,0,0,0,0,0,0,0,468
116,266,3,59,2614,13,0.681034483,42.23275862,2,48,-0.7308,0,0,0,0,1,0,0,0,1,0,0,0,0,0,0,0,0,0,0,488
117,355,2,51,2970,20,0.307692308,26.11965812,2,64,0.9103,0,0,0,1,0,0,0,0,1,0,0,0,0,0,0,0,0,0,0,355
123,297,2,60,3312,18,0.569105691,34.3495935,1,53,0.9843,0,0,0,0,1,0,0,0,1,0,0,0,0,0,0,0,0,0,0,318
124,290,2,66,1812,16,0.193548387,22.08870968,0,35,0.993,0,0,0,1,0,0,0,0,1,0,0,0,0,0,0,0,0,0,0,252
128,354,1,64,3206,18,0.2265625,17.21875,3,66,0.8118,0,0,0,0,0,0,1,0,1,0,0,0,0,0,0,0,0,0,0,206
129,1165,1,65,645,18,0.201550388,23.79069767,3,18,0.9624,0,0,0,0,0,1,0,0,1,0,0,0,0,0,0,0,0,0,0,171
130,503,2,47,3191,11,1.315384615,62.36923077,1,45,-0.4857,0,0,0,0,1,0,0,0,1,0,0,0,0,0,0,0,0,0,0,819
137,231,2,38,2781,13,0.496350365,24.30656934,0,52,0.8137,0,0,0,0,1,0,0,0,0,1,0,0,0,0,0,0,0,0,0,310
138,308,1,60,3542,13,0.847826087,60.34057971,0,68,0.9971,0,0,0,1,0,0,0,0,0,1,0,0,0,0,0,0,0,0,0,660
145,311,1,43,2347,16,0.668965517,31.03448276,0,50,0.9919,0,0,0,1,0,0,0,0,0,1,0,0,0,0,0,0,0,0,0,410
151,323,2,67,4541,14,0.675496689,49.0397351,2,83,0.9568,0,0,0,0,1,0,0,0,0,1,0,0,0,0,0,0,0,0,0,657
152,416,6,72,3363,16,0.256578947,17.07894737,2,68,0.9913,0,0,0,1,0,0,0,0,0,1,0,0,0,0,0,0,0,0,0,225
159,297,2,55,2725,13,0.949685535,38.00628931,1,53,0.9756,0,0,0,1,0,0,0,0,0,1,0,0,0,0,0,0,0,0,0,509
166,406,1,60,3226,14,0.722891566,36.69277108,0,49,0.9927,0,0,0,1,0,0,0,1,0,0,0,0,0,0,0,0,0,0,0,591
173,371,3,61,3307,11,0.670520231,20.97687861,0,52,0.9789,0,0,0,1,0,0,0,1,0,0,0,0,0,0,0,0,0,0,0,330
179,151,3,49,760,9,0.374301676,33.88268156,1,23,0.6249,0,0,0,0,1,0,0,1,0,0,0,0,0,0,0,0,0,0,0,349
180,466,3,39,3277,8,0.111111111,15.97222222,0,49,0.9941,0,0,0,1,0,0,0,1,0,0,0,0,0,0,0,0,0,0,0,171
185,475,3,46,2706,15,0.12972973,14.71351351,0,45,0.9939,0,0,0,0,0,1,0,1,0,0,0,0,0,0,0,0,0,0,0,219
186,378,1,57,4053,8,1.166666667,60.24731183,0,83,0.7752,0,0,0,0,1,0,0,1,0,0,0,0,0,0,0,0,0,0,0,760
187,377,1,60,967,10,0.144385027,13.9197861,1,18,0.9617,0,0,0,1,0,0,0,1,0,0,0,0,0,0,0,0,0,0,0,233
190,623,1,50,3144,18,0.305263158,21.79473684,0,52,0.9884,1,0,0,0,0,0,0,1,0,0,0,0,0,0,0,0,0,0,0,310
192,347,3,33,1176,24,0.416666667,22.46354167,1,34,-0.9199,0,0,0,0,0,1,0,1,0,0,0,0,0,0,0,0,0,0,0,323
193,338,2,43,2920,17,0.352331606,24.78238342,1,50,0.991,0,0,0,0,1,0,0,1,0,0,0,0,0,0,0,0,0,0,0,274
194,285,3,54,3064,13,0.226804124,14.63917526,1,64,0.9973,0,0,0,1,0,0,0,1,0,0,0,0,0,0,0,0,0,0,0,311
200,583,2,44,4826,16,0.545,55.075,2,125,0.9897,0,0,0,0,1,0,0,0,0,0,0,0,0,0,0,0,1,0,0,712
207,475,2,53,2936,11,0.608695652,45.42028986,1,41,0.9711,0,0,0,0,1,0,0,0,0,0,0,0,0,0,0,0,1,0,0,888
208,497,2,46,3137,16,0.817307692,35.74038462,1,60,0.9799,0,0,0,1,0,0,0,0,0,0,0,0,0,0,0,0,1,0,0,780
214,328,2,45,2714,17,0.76635514,46.46261682,1,46,-0.961,0,0,0,0,1,0,0,0,0,0,0,0,0,0,0,0,1,0,0,782
215,495,1,66,2976,17,0.255813953,26.19534884,0,49,0.9942,0,0,0,1,0,0,0,0,0,0,0,0,0,0,0,0,1,0,0,480
221,489,0,46,3255,15,0.325791855,30.91855204,1,49,0.9715,0,0,0,0,1,0,0,0,0,0,0,0,0,0,0,0,1,0,0,504
223,475,1,50,3202,11,0.488789238,25.47085202,2,70,0.7982,0,0,0,1,0,0,0,0,0,0,0,0,0,0,0,0,1,0,0,513
228,481,1,49,3026,15,0.600877193,57.3377193,0,41,0.9947,0,0,0,0,1,0,0,0,0,0,0,0,0,0,0,0,0,1,0,1034
229,376,2,52,2498,14,1.92139738,188.7729258,0,43,0.933,0,0,0,1,0,0,0,0,0,0,0,0,0,0,0,0,0,1,0,2324
234,2365,2,50,2038,13,0.696581197,34.91452991,1,23,0.8658,0,0,0,0,0,1,0,0,0,0,0,0,0,0,0,0,0,1,0,801
235,372,2,46,2784,11,0.10212766,7.110638298,0,43,0.9578,0,0,0,0,1,0,0,0,0,0,0,0,0,0,0,0,0,1,0,113
236,475,2,53,2831,11,0.593220339,74.61440678,1,40,0.9663,0,0,0,1,0,0,0,0,0,0,0,0,0,0,0,0,0,1,0,1407
239,434,3,53,3295,8,0.347280335,20.17573222,1,50,0.996,1,0,0,0,0,0,0,0,0,0,0,0,0,0,0,0,0,1,0,355
241,456,0,49,3398,9,0.302904564,12.46473029,0,64,0.5484,0,0,0,0,0,1,0,0,0,0,0,0,0,0,0,0,0,1,0,303
242,366,2,43,3678,12,0.466942149,30.69008264,2,76,0.9708,0,0,0,0,1,0,0,0,0,0,0,0,0,0,0,0,0,1,0,571
243,497,2,46,3031,16,0.604938272,27.50205761,1,59,0.9757,0,0,0,1,0,0,0,0,0,0,0,0,0,0,0,0,0,1,0,738
244,493,1,45,4258,15,0.487704918,16.35245902,3,95,0.9901,0,0,1,0,0,0,0,0,0,0,0,0,0,0,0,0,0,1,0,361
249,415,1,46,3265,14,0.257028112,23.81927711,0,56,-0.8476,0,0,0,0,1,0,0,0,0,0,0,0,0,0,0,0,0,1,0,520
255,263,2,21,1758,16,0.223529412,8.431372549,0,20,0.4184,0,0,0,0,0,1,0,0,0,0,0,0,0,0,0,0,0,1,0,234
256,488,1,39,2605,18,0.37109375,36.38671875,1,42,0.9676,0,0,0,0,1,0,0,0,0,0,0,0,0,0,0,0,0,1,0,604
257,340,1,47,2970,13,0.540856031,25.66536965,0,54,0.9695,0,0,0,1,0,0,0,0,0,0,0,0,0,0,0,0,0,0,1,534
261,510,2,32,3317,11,0.180076628,11.48659004,1,54,0.9981,0,0,0,0,0,0,1,0,0,0,0,0,0,0,0,0,0,0,1,226
263,505,3,57,3312,19,0.220532319,15.36882129,1,55,-0.8021,0,0,0,0,1,0,0,0,0,0,0,0,0,0,0,0,0,0,1,403
264,536,1,48,2940,14,0.371212121,21.97727273,1,53,0.9489,0,0,0,1,0,0,0,0,0,0,0,0,0,0,0,0,0,0,1,522
269,386,2,56,1714,14,0.197026022,7.691449814,1,21,0.8271,0,0,0,0,0,1,0,0,0,0,0,0,0,0,0,0,0,0,1,164
270,464,1,60,2851,14,0.266666667,12.21111111,1,44,-0.8679,0,0,0,0,1,0,0,0,0,0,0,0,0,0,0,0,0,0,1,348
271,475,2,50,3201,22,0.258302583,13.38745387,2,70,0.6632,0,0,0,1,0,0,0,0,0,0,0,0,0,0,0,0,0,0,1,366
277,495,0,66,2976,12,0.332129964,28.93501805,0,49,0.9936,0,0,0,0,1,0,0,0,0,0,0,0,0,0,0,0,0,0,1,582
278,470,1,59,3109,11,0.309352518,13.27338129,1,61,0.9237,0,0,0,1,0,0,0,0,0,0,0,0,0,0,0,0,0,0,1,348
283,490,2,34,1932,10,0.148409894,7.056537102,0,23,0.8992,0,0,0,0,0,1,0,0,0,0,0,0,0,0,0,0,0,0,1,174
284,543,1,56,3118,15,0.147887324,12.01760563,0,59,0.9365,0,0,0,0,1,0,0,0,0,0,0,0,0,0,0,0,0,0,1,317
285,542,1,48,3090,15,0.312280702,13.63508772,0,42,0.9922,0,0,0,1,0,0,0,0,0,0,0,0,0,0,0,0,0,0,1,419
287,514,3,42,1791,12,0.160278746,11.1010453,1,22,0.7184,0,1,0,0,0,0,0,0,0,0,0,1,0,0,0,0,0,0,0,280
288,465,4,50,1194,26,0.069444444,6.142361111,1,29,0.9912,1,0,0,0,0,0,0,0,0,0,0,1,0,0,0,0,0,0,0,171
291,577,4,65,3086,13,0.243986254,26.9862543,1,62,0.9949,0,0,0,0,1,0,0,0,0,0,0,1,0,0,0,0,0,0,0,404
292,492,2,65,3198,21,0.133561644,10.06506849,1,45,0.9969,0,0,0,1,0,0,0,0,0,0,0,1,0,0,0,0,0,0,0,248
293,346,1,20,2157,3,0.375426621,9.156996587,0,27,0.9195,0,0,1,0,0,0,0,0,0,0,0,1,0,0,0,0,0,0,0,210
299,456,1,40,3209,12,0.274247492,11.66555184,1,50,-0.9436,0,0,0,1,0,0,0,0,0,0,0,1,0,0,0,0,0,0,0,322
302,1176,2,55,1823,9,0.324503311,21.27152318,1,21,0.4696,1,0,0,0,0,0,0,0,0,0,0,1,0,0,0,0,0,0,0,411
305,559,1,58,1375,20,0.347540984,16.44262295,2,31,0.9417,0,0,0,0,1,0,0,0,0,0,0,1,0,0,0,0,0,0,0,540
306,569,5,39,3167,22,0.310457516,13.10457516,0,53,0.9811,0,0,0,1,0,0,0,0,0,0,0,1,0,0,0,0,0,0,0,405
307,713,1,54,1840,12,0.156351792,8.188925081,0,23,0.6645,0,0,1,0,0,0,0,0,0,0,0,1,0,0,0,0,0,0,0,211
308,664,1,54,2306,13,0.344155844,15.17207792,0,36,-0.5473,0,1,0,0,0,0,0,0,0,0,0,1,0,0,0,0,0,0,0,365
312,503,1,53,2808,10,0.371794872,43.72115385,2,60,0.9827,0,0,0,0,1,0,0,0,0,0,0,1,0,0,0,0,0,0,0,627
313,440,1,46,2921,12,0.226837061,10.5399361,2,56,0.9854,0,0,0,1,0,0,0,0,0,0,0,1,0,0,0,0,0,0,0,322
315,384,0,44,2958,19,0.117460317,5.796825397,1,49,0.9813,0,1,0,0,0,0,0,0,0,0,0,1,0,0,0,0,0,0,0,165
318,1066,2,37,298,11,0.172955975,7.204402516,0,3,0.1779,0,0,0,0,0,1,0,0,0,0,0,0,1,0,0,0,0,0,0,154
319,623,1,64,3860,14,0.235109718,9.65830721,2,73,0.9742,0,0,0,0,1,0,0,0,0,0,0,0,1,0,0,0,0,0,0,374
320,513,3,50,2917,12,0.11875,6.309375,1,47,0.9774,0,0,0,1,0,0,0,0,0,0,0,0,1,0,0,0,0,0,0,155
322,311,2,39,1115,7,0.226708075,22.86335404,1,29,0.9825,0,0,1,0,0,0,0,0,0,0,0,0,1,0,0,0,0,0,0,367
324,648,2,43,1753,19,0.092592593,10.81481481,1,21,0.4696,1,0,0,0,0,0,0,0,0,0,0,0,1,0,0,0,0,0,0,241
326,552,2,52,2950,12,0.63190184,25.93251534,2,64,0.8962,0,0,0,0,1,0,0,0,0,0,0,0,1,0,0,0,0,0,0,630
327,554,3,52,3826,19,0.47706422,22.98776758,0,50,0.9689,0,0,0,1,0,0,0,0,0,0,0,0,1,0,0,0,0,0,0,630
333,481,1,52,3483,12,0.309309309,10.8048048,1,51,0.9789,0,0,0,0,1,0,0,0,0,0,0,0,1,0,0,0,0,0,0,401
334,512,2,65,3626,11,0.386227545,49.62874251,1,77,-0.3404,0,0,0,1,0,0,0,0,0,0,0,0,1,0,0,0,0,0,0,849
339,371,2,51,773,17,0.324483776,13.77286136,0,8,0.9215,0,0,0,0,0,1,0,0,0,0,0,0,1,0,0,0,0,0,0,356
340,619,1,38,3186,13,0.179411765,10.64705882,2,72,0.9179,0,0,0,0,1,0,0,0,0,0,0,0,1,0,0,0,0,0,0,241
341,528,1,50,3183,14,1.296187683,148.744868,0,58,0.7649,0,0,0,1,0,0,0,0,0,0,0,0,1,0,0,0,0,0,0,2666
347,574,1,62,3187,12,0.282420749,13.11527378,1,67,0.9665,0,0,0,0,1,0,0,0,0,0,0,0,1,0,0,0,0,0,0,368
348,509,1,54,1843,14,0.163793103,8.942528736,1,26,0.9579,0,0,0,1,0,0,0,0,0,0,0,0,1,0,0,0,0,0,0,280
355,483,2,46,3733,19,0.123943662,6.918309859,0,87,0.792,0,0,0,1,0,0,0,0,0,0,0,0,0,1,0,0,0,0,0,185
361,516,1,57,3451,12,0.329639889,12.02770083,0,68,-0.991,0,0,0,0,1,0,0,0,0,0,0,0,0,1,0,0,0,0,0,402
362,581,2,45,2962,14,0.928176796,28.22651934,1,50,-0.6949,0,0,0,1,0,0,0,0,0,0,0,0,0,1,0,0,0,0,0,867
367,1809,2,47,2705,18,0.111716621,9.762942779,1,31,0.972,0,0,0,0,0,1,0,0,0,0,0,0,0,1,0,0,0,0,0,220
368,751,0,45,2513,13,0.891304348,129.0326087,1,40,-0.8959,0,0,0,0,1,0,0,0,0,0,0,0,0,1,0,0,0,0,0,3093
369,357,2,55,3455,8,0.048780488,6.56097561,0,64,0.991,0,0,0,1,0,0,0,0,0,0,0,0,0,1,0,0,0,0,0,207
375,382,3,58,3277,7,0.242666667,15.336,0,54,0.9754,0,0,0,0,1,0,0,0,0,0,0,0,0,1,0,0,0,0,0,401
376,571,2,43,3963,13,0.255319149,13.8962766,1,56,0.9976,0,0,0,1,0,0,0,0,0,0,0,0,0,1,0,0,0,0,0,513
381,1176,2,36,2747,10,0.199475066,18.74278215,1,43,0.9807,0,0,0,0,0,1,0,0,0,0,0,0,0,0,0,1,0,0,0,436
382,385,5,71,3050,17,0.117801047,7.866492147,4,51,0.9901,0,0,0,0,1,0,0,0,0,0,0,0,0,0,0,1,0,0,0,229
389,336,3,50,3770,17,0.393316195,16.36760925,0,76,0.9867,0,0,0,0,1,0,0,0,0,0,0,0,0,0,0,1,0,0,0,231
395,1136,3,45,1985,17,0.086075949,5.865822785,0,26,0.4696,0,0,0,0,0,1,0,0,0,0,0,0,0,0,0,1,0,0,0,161
396,535,2,40,3797,13,0.406565657,16.54040404,0,62,0.8318,0,0,0,0,1,0,0,0,0,0,0,0,0,0,0,1,0,0,0,493
397,504,1,37,3279,11,0.667506297,63.92695214,1,65,0.9333,0,0,0,1,0,0,0,0,0,0,0,0,0,0,0,1,0,0,0,1399
399,425,4,30,3582,14,0.689223058,24.78696742,0,55,0.9931,0,1,0,0,0,0,0,0,0,0,0,0,0,0,0,1,0,0,0,705
402,575,1,48,3961,9,0.281094527,20.62437811,4,97,0.9963,0,0,0,0,0,1,0,0,0,0,0,0,0,0,0,1,0,0,0,473
403,620,3,53,3673,13,0.297766749,19.2133995,1,73,0.9803,0,0,0,0,1,0,0,0,0,0,0,0,0,0,0,1,0,0,0,699
404,544,3,23,1787,20,0.155940594,12.32920792,0,23,0.8146,0,0,0,1,0,0,0,0,0,0,0,0,0,0,0,1,0,0,0,268
409,2054,2,22,1683,10,0.119804401,8.662591687,1,21,0.5803,0,0,0,0,0,1,0,0,0,0,0,0,0,0,0,1,0,0,0,191
410,312,3,43,4651,17,0.080487805,6.002439024,1,67,0.991,0,0,0,0,1,0,0,0,0,0,1,0,0,0,0,0,0,0,0,179
411,615,2,43,3085,10,0.510948905,24.1946472,1,49,0.9309,0,0,0,1,0,0,0,0,0,0,1,0,0,0,0,0,0,0,0,769
412,370,2,46,1765,9,0.405339806,15.33980583,0,20,0.4696,0,0,1,0,0,0,0,0,0,0,1,0,0,0,0,0,0,0,0,471
413,754,0,32,1688,6,0.513317191,12.7748184,0,20,0.1109,0,1,0,0,0,0,0,0,0,0,1,0,0,0,0,0,0,0,0,458
414,587,4,44,1703,8,0.326086957,16.11352657,0,20,0.5007,1,0,0,0,0,0,0,0,0,0,1,0,0,0,0,0,0,0,0,513
423,693,1,26,1764,16,0.257683215,13.8463357,0,21,0.7882,0,0,0,0,0,0,1,0,0,0,1,0,0,0,0,0,0,0,0,431
423,1914,2,36,3160,20,0.14893617,17.70921986,0,57,0.9707,0,0,0,0,0,1,0,0,0,0,1,0,0,0,0,0,0,0,0,333
424,389,1,48,3060,15,0.094339623,7.049528302,0,64,0.9911,0,0,0,0,1,0,0,0,0,0,1,0,0,0,0,0,0,0,0,225
425,659,1,41,3074,14,0.152941176,9.597647059,0,46,0.9958,0,0,0,1,0,0,0,0,0,0,1,0,0,0,0,0,0,0,0,292
430,995,1,24,1913,18,0.072093023,5.972093023,0,21,0.644,0,0,0,0,0,1,0,0,0,0,1,0,0,0,0,0,0,0,0,145
431,738,3,43,3079,15,1.053364269,81.80974478,0,41,0.994,0,0,0,0,1,0,0,0,0,0,1,0,0,0,0,0,0,0,0,1478
432,625,4,53,3596,17,0.125,8.284722222,0,65,0.943,0,0,0,1,0,0,0,0,0,0,1,0,0,0,0,0,0,0,0,289
437,502,1,21,2385,11,0.080091533,6.956521739,1,37,0.782,0,0,0,0,0,1,0,0,0,0,1,0,0,0,0,0,0,0,0,315
438,1157,0,62,3173,14,0.107305936,5.942922374,1,60,0.9782,0,0,0,0,1,0,0,0,0,0,1,0,0,0,0,0,0,0,0,244
439,670,1,40,2949,18,0.109339408,7.430523918,1,47,0.9722,0,0,0,1,0,0,0,0,0,0,1,0,0,0,0,0,0,0,0,226
444,1259,0,54,2413,2,0.105855856,7.641891892,1,39,0.9408,0,0,0,0,0,1,0,0,0,0,0,0,0,0,1,0,0,0,0,260
445,15,1,64,1477,1,0.094382022,11.28988764,0,36,0.954,0,0,0,0,0,1,0,0,0,0,0,0,0,0,1,0,0,0,0,275
445,561,1,56,3532,14,1.056179775,161.2831461,0,60,0.9606,0,0,0,0,1,0,0,0,0,0,0,0,0,0,1,0,0,0,0,2932
451,1510,1,47,1844,9,0.066518847,6.589800443,1,22,0.8992,0,0,0,0,0,1,0,0,0,0,0,0,0,0,1,0,0,0,0,173
458,388,1,25,2671,20,0.491266376,15.27947598,0,46,0.9396,0,0,0,0,0,1,0,0,0,0,0,0,0,0,1,0,0,0,0,887
459,59,2,26,1842,15,0.015250545,4.79956427,0,22,0.9008,0,0,0,0,0,1,0,0,0,0,0,0,0,0,1,0,0,0,0,148
459,576,0,49,3555,16,0.300653595,18.75381264,1,54,0.9963,0,0,0,0,1,0,0,0,0,0,0,0,0,0,1,0,0,0,0,592
460,553,1,43,3482,14,0.289130435,8.593478261,0,63,0.9684,0,0,0,1,0,0,0,0,0,0,0,0,0,0,1,0,0,0,0,391
465,607,2,46,4198,13,0.524731183,19.16989247,1,72,0.8833,0,0,0,0,0,1,0,0,0,0,0,0,0,0,1,0,0,0,0,1078
466,461,2,38,2935,13,0.103004292,12.92918455,0,50,0.9894,0,0,0,0,1,0,0,0,0,0,0,0,0,0,1,0,0,0,0,432
467,603,4,60,2782,13,0.338329764,121.9443255,0,51,0.9899,0,0,0,1,0,0,0,0,0,0,0,0,0,0,1,0,0,0,0,861
472,469,2,48,3053,18,0.400423729,17.27754237,1,57,0.8099,0,0,0,0,0,1,0,0,1,0,0,0,0,0,0,0,0,0,0,532
473,578,1,36,3567,14,0.270613108,23.93657505,1,71,0.7739,0,0,0,0,1,0,0,0,1,0,0,0,0,0,0,0,0,0,0,1007
474,427,3,36,3116,18,0.251054852,23.58227848,0,53,0.9851,0,0,0,1,0,0,0,0,1,0,0,0,0,0,0,0,0,0,0,910
479,1778,1,34,2615,17,0.129436326,11.47599165,0,35,0.8738,0,0,0,0,0,1,0,0,1,0,0,0,0,0,0,0,0,0,0,299
480,609,1,50,3282,11,0.179166667,8.016666667,2,65,0.997,0,0,0,0,1,0,0,0,1,0,0,0,0,0,0,0,0,0,0,315
481,510,2,45,3695,18,0.343035343,13.9043659,1,86,0.9891,0,0,0,1,0,0,0,0,1,0,0,0,0,0,0,0,0,0,0,618
486,1684,1,49,1574,18,0.656378601,35.09876543,1,20,0.5028,0,0,0,0,0,1,0,0,1,0,0,0,0,0,0,0,0,0,0,1055
487,673,1,53,2411,10,3.747433265,349.7679671,0,50,-0.4098,0,0,0,0,1,0,0,0,1,0,0,0,0,0,0,0,0,0,0,12123
488,591,2,55,2564,18,0.354508197,13.20286885,1,48,-0.3272,0,0,0,1,0,0,0,0,1,0,0,0,0,0,0,0,0,0,0,508
493,1234,1,44,2177,7,0.144016227,9.584178499,0,31,0.9757,0,0,0,0,0,1,0,0,1,0,0,0,0,0,0,0,0,0,0,369
494,657,2,47,3963,10,3.370445344,263.2975709,1,89,-0.8485,0,0,0,0,1,0,0,0,1,0,0,0,0,0,0,0,0,0,0,8815
500,1536,1,66,1248,16,0.184,23.662,0,25,0.6322,0,0,0,0,0,1,0,0,0,1,0,0,0,0,0,0,0,0,0,554
501,426,2,69,1119,12,0.275449102,6.768463074,1,15,-0.8791,0,0,0,0,1,0,0,0,0,1,0,0,0,0,0,0,0,0,0,341
502,700,1,38,1965,12,0.521912351,18.27689243,1,43,-0.349,0,0,0,1,0,0,0,0,0,1,0,0,0,0,0,0,0,0,0,636
508,378,1,41,2456,12,0.277559055,11.88188976,0,48,0.9072,0,0,0,0,1,0,0,0,0,1,0,0,0,0,0,0,0,0,0,497
509,671,1,48,2754,11,0.328094303,21.09430255,0,59,0.6423,0,0,0,1,0,0,0,0,0,1,0,0,0,0,0,0,0,0,0,749
516,296,5,51,625,9,0.07751938,9.647286822,1,13,0.9514,0,0,0,0,1,0,0,0,0,1,0,0,0,0,0,0,0,0,0,293
516,403,2,49,1205,11,0.112403101,13.9379845,0,30,0.7773,0,0,0,1,0,0,0,0,0,1,0,0,0,0,0,0,0,0,0,392
528,986,2,49,1127,14,0.113636364,6.6875,2,23,0.6868,0,0,0,0,0,1,0,0,0,1,0,0,0,0,0,0,0,0,0,193
530,472,2,48,1759,11,0.222641509,9.475471698,0,52,0.9906,0,0,0,1,0,0,0,1,0,0,0,0,0,0,0,0,0,0,0,426
537,418,2,40,622,7,0.057728119,3.040968343,0,13,0.9537,0,0,0,1,0,0,0,1,0,0,0,0,0,0,0,0,0,0,0,154
542,1134,0,51,1113,14,0.140221402,13.9501845,0,19,0.4871,0,0,0,0,0,1,0,1,0,0,0,0,0,0,0,0,0,0,0,516
544,333,3,59,1347,25,0.056985294,4.181985294,1,41,0.7984,0,0,0,1,0,0,0,1,0,0,0,0,0,0,0,0,0,0,0,199
545,804,1,29,155,14,0.194495413,9.174311927,0,4,0.5994,0,0,1,0,0,0,0,1,0,0,0,0,0,0,0,0,0,0,0,301
557,643,2,57,57,3,0.059245961,4.771992819,0,0,0.2023,0,0,0,0,1,0,0,1,0,0,0,0,0,0,0,0,0,0,0,210
558,727,3,33,1619,24,0.120071685,10.27240143,2,38,0.9853,0,0,0,1,0,0,0,1,0,0,0,0,0,0,0,0,0,0,0,492
559,608,3,49,49,25,0.11627907,5.252236136,2,2,0,0,0,1,0,0,0,0,1,0,0,0,0,0,0,0,0,0,0,0,243
560,734,3,42,1171,13,0.101785714,7.714285714,0,23,0.594,0,1,0,0,0,0,0,1,0,0,0,0,0,0,0,0,0,0,0,291
564,954,1,44,1938,17,0.778368794,49.70390071,0,36,-0.7615,0,0,0,0,1,0,0,0,0,0,0,0,0,0,0,0,1,0,0,1642
565,783,1,35,1375,11,0.237168142,16.39292035,0,26,-0.6544,0,0,0,1,0,0,0,0,0,0,0,0,0,0,0,0,1,0,0,470
569,1609,2,40,2416,15,0.031634446,2.425307557,1,54,0.9907,0,0,0,0,0,0,1,0,0,0,0,0,0,0,0,0,1,0,0,77
570,779,3,51,2525,18,0.131578947,4.375438596,0,62,0.9899,0,0,0,0,0,1,0,0,0,0,0,0,0,0,0,0,1,0,0,148
572,456,2,44,1392,14,0.935314685,43.76223776,0,20,-0.7602,0,0,0,0,1,0,0,0,0,0,0,0,0,0,0,0,1,0,0,1525
572,2166,2,52,2250,13,0.29020979,16.61013986,0,43,0.9509,0,0,0,1,0,0,0,0,0,0,0,0,0,0,0,0,1,0,0,591
579,602,1,63,2916,12,0.189982729,3.14507772,1,56,-0.9111,0,0,0,1,0,0,0,0,0,0,0,0,0,0,0,0,1,0,0,191
586,2190,1,45,3117,12,0.69112628,28.03071672,0,41,0.5923,0,0,0,1,0,0,0,0,0,0,0,0,0,0,0,0,1,0,0,1144
592,459,1,50,2917,16,0.14527027,19.02702703,0,47,0.9973,0,0,0,0,1,0,0,0,0,0,0,0,0,0,0,0,0,1,0,475
599,619,3,54,3052,10,0.130217028,8.312186978,1,63,0.9958,0,0,0,0,1,0,0,0,0,0,0,0,0,0,0,0,0,1,0,400
600,590,4,48,2255,14,0.083333333,5.845,0,45,0.9724,0,0,0,1,0,0,0,0,0,0,0,0,0,0,0,0,0,1,0,297
606,477,2,62,3359,11,0.231023102,17.830033,0,81,0.7738,0,0,0,0,1,0,0,0,0,0,0,0,0,0,0,0,0,1,0,764
607,629,1,28,1814,7,0.286655684,10.84678748,1,35,-0.7635,0,0,0,1,0,0,0,0,0,0,0,0,0,0,0,0,0,1,0,599
613,460,1,43,2951,11,0.290375204,15.98531811,3,77,0.9703,0,0,0,0,1,0,0,0,0,0,0,0,0,0,0,0,0,1,0,645
620,433,2,55,2228,10,0.216129032,7.580645161,1,38,0.8731,0,0,0,0,1,0,0,0,0,0,0,0,0,0,0,0,0,1,0,362
621,114,1,61,2890,13,0.251207729,16.19323671,1,45,-0.9676,0,0,0,1,0,0,0,0,0,0,0,0,0,0,0,0,0,1,0,1007
627,496,3,38,2295,10,0.454545455,12.6937799,0,45,-0.1702,0,0,0,0,1,0,0,0,0,0,0,0,0,0,0,0,0,0,1,545
628,679,1,60,2937,8,0.587579618,8.99522293,1,48,0.9316,0,0,0,1,0,0,0,0,0,0,0,0,0,0,0,0,0,0,1,539
634,746,1,59,3219,14,0.194006309,8.555205047,0,69,-0.4889,0,0,0,0,1,0,0,0,0,0,0,0,0,0,0,0,0,0,1,471
635,676,1,50,3225,12,0.77007874,45.5023622,1,54,0.993,0,0,0,1,0,0,0,0,0,0,0,0,0,0,0,0,0,0,1,2017
641,533,1,70,4098,17,0.269890796,18.6474259,3,89,0.9968,0,0,0,0,1,0,0,0,0,0,0,0,0,0,0,0,0,0,1,900
648,556,2,63,3342,14,0.390432099,38.36882716,1,68,0.7626,0,0,0,0,1,0,0,0,0,0,0,0,0,0,0,0,0,0,1,1907
649,736,0,78,3348,10,0.314329738,18.53466872,3,70,0.7222,0,0,0,1,0,0,0,0,0,0,0,0,0,0,0,0,0,0,1,688
652,496,1,54,3985,14,0.150306748,13.14570552,1,94,0.9732,1,0,0,0,0,0,0,0,0,0,0,1,0,0,0,0,0,0,0,408
655,703,1,53,3218,16,0.299236641,7.450381679,2,62,-0.9246,0,0,0,0,1,0,0,0,0,0,0,1,0,0,0,0,0,0,0,464
656,297,0,80,4472,11,0.455792683,29.81707317,1,91,0.9905,0,0,0,1,0,0,0,0,0,0,0,1,0,0,0,0,0,0,0,1464
659,545,1,27,1568,3,0.752655539,21.31411229,0,33,-0.2316,1,0,0,0,0,0,0,0,0,0,0,1,0,0,0,0,0,0,0,1170
661,844,1,50,2810,13,0.110438729,6.93494705,0,59,0.9809,0,0,0,0,0,1,0,0,0,0,0,1,0,0,0,0,0,0,0,488
662,668,2,37,3521,11,0.164652568,19.24622356,1,96,0.9946,0,0,0,0,1,0,0,0,0,0,0,1,0,0,0,0,0,0,0,522
663,497,1,42,2971,8,0.110105581,25.82202112,0,39,0.9983,0,0,0,1,0,0,0,0,0,0,0,1,0,0,0,0,0,0,0,487
669,655,2,55,2903,10,0.440956652,46.70254111,0,50,-0.9915,0,0,0,0,1,0,0,0,0,0,0,1,0,0,0,0,0,0,0,1794
670,610,2,54,3605,13,0.4,29.69402985,2,72,0.9926,0,0,0,1,0,0,0,0,0,0,0,1,0,0,0,0,0,0,0,1537
676,627,1,31,2718,8,0.924556213,59.70118343,0,43,0.9291,0,0,0,0,1,0,0,0,0,0,0,1,0,0,0,0,0,0,0,1920
677,760,2,44,3488,9,0.447562777,66.85672083,2,70,0.9916,0,0,0,1,0,0,0,0,0,0,0,1,0,0,0,0,0,0,0,2272
683,675,1,40,2882,9,0.423133236,14.65592972,2,71,0.9841,0,0,0,0,1,0,0,0,0,0,0,0,1,0,0,0,0,0,0,618
684,565,2,64,3122,9,1.165204678,105.1754386,1,57,0.996,0,0,0,1,0,0,0,0,0,0,0,0,1,0,0,0,0,0,0,2686
690,530,3,70,3552,10,0.094202899,6.013043478,0,74,0.9954,0,0,0,0,1,0,0,0,0,0,0,0,1,0,0,0,0,0,0,319
691,618,2,51,2722,14,1.241678726,192.1331404,0,53,0.9107,0,0,0,1,0,0,0,0,0,0,0,0,1,0,0,0,0,0,0,5730
697,655,2,59,2069,9,0.149210904,7.857962697,1,34,0.5589,0,0,0,0,1,0,0,0,0,0,0,0,1,0,0,0,0,0,0,608
698,707,3,72,2238,15,0.091690544,7.319484241,1,44,0.9592,0,0,0,1,0,0,0,0,0,0,0,0,1,0,0,0,0,0,0,436
704,684,1,57,2171,8,0.333806818,18.65056818,1,47,0.9889,0,0,0,0,1,0,0,0,0,0,0,0,1,0,0,0,0,0,0,1036
705,630,2,40,2617,10,0.374468085,12.58156028,0,52,0.9403,0,0,0,1,0,0,0,0,0,0,0,0,1,0,0,0,0,0,0,432
711,633,1,60,2408,10,0.203938115,16.31504923,3,39,0.9891,0,0,0,0,1,0,0,0,0,0,0,0,1,0,0,0,0,0,0,522
712,385,2,70,2761,9,0.542134831,19.07724719,1,65,0.9936,0,0,0,1,0,0,0,0,0,0,0,0,1,0,0,0,0,0,0,1121
718,640,1,61,1397,9,0.235376045,10.84261838,0,21,-0.4836,0,0,0,0,1,0,0,0,0,0,0,0,0,1,0,0,0,0,0,550
719,2455,4,56,3168,8,0.303198887,10.36439499,0,53,0.9745,0,0,0,1,0,0,0,0,0,0,0,0,0,1,0,0,0,0,0,532
721,591,2,48,549,10,0.020804438,2.765603329,1,19,0.9719,0,1,0,0,0,0,0,0,0,0,0,0,0,1,0,0,0,0,0,160
725,553,1,64,2529,10,0.157241379,5.590344828,0,53,0.9979,0,0,0,0,1,0,0,0,0,0,0,0,0,1,0,0,0,0,0,469
726,992,3,53,2642,11,0.079889807,4.081267218,0,53,0.9834,0,0,0,1,0,0,0,0,0,0,0,0,0,1,0,0,0,0,0,223
732,631,2,56,2681,6,0.262295082,14.40710383,1,46,0.9078,0,0,0,0,1,0,0,0,0,0,0,0,0,1,0,0,0,0,0,858
733,664,2,28,1860,16,0.336971351,47.18963165,0,37,0.9923,0,0,0,1,0,0,0,0,0,0,0,0,0,1,0,0,0,0,0,983
739,528,3,38,1936,12,0.254397835,21.83491204,0,35,0.9649,0,0,0,0,1,0,0,0,0,0,0,0,0,1,0,0,0,0,0,817
740,453,1,56,1542,9,0.755405405,20.88648649,0,30,-0.8876,0,0,0,1,0,0,0,0,0,0,0,0,0,1,0,0,0,0,0,1431
745,707,1,35,2209,6,0.059060403,2.663087248,0,41,0.9957,0,0,0,0,0,1,0,0,0,0,0,0,0,0,0,1,0,0,0,121
746,802,4,58,2914,7,0.245308311,8.680965147,0,58,0.9527,0,0,0,0,1,0,0,0,0,0,0,0,0,0,0,1,0,0,0,645
747,263,1,50,2361,9,0.206157965,8.686746988,1,48,0.9576,0,0,0,1,0,0,0,0,0,0,0,0,0,0,0,1,0,0,0,453
748,572,1,26,1303,7,0.221925134,10.04010695,0,20,-0.6322,0,0,1,0,0,0,0,0,0,0,0,0,0,0,0,1,0,0,0,756
753,1024,2,57,4057,10,0.413014608,25.2749004,1,83,0.9814,0,0,0,0,1,0,0,0,0,0,0,0,0,0,0,1,0,0,0,1270
754,326,2,46,2317,14,0.087533156,3.263925729,1,48,0.9948,0,0,0,1,0,0,0,0,0,0,0,0,0,0,0,1,0,0,0,220
760,640,1,42,1380,3,1.285526316,92.73552632,0,20,0.3094,0,0,0,0,0,1,0,0,0,0,0,0,0,0,0,1,0,0,0,3512
760,705,2,48,2588,8,0.173684211,8.743421053,1,52,0.9373,0,0,0,0,1,0,0,0,0,0,0,0,0,0,0,1,0,0,0,393
761,827,2,52,3018,10,0.240473062,8.517739816,0,72,0.9444,0,0,0,1,0,0,0,0,0,0,0,0,0,0,0,1,0,0,0,453
766,623,2,49,1426,8,0.039164491,2.379895561,1,24,0.7998,0,0,0,0,0,1,0,0,0,0,0,0,0,0,0,1,0,0,0,125
767,606,0,65,1994,14,0.24380704,6.17601043,0,27,0.7383,0,0,0,0,1,0,0,0,0,0,0,0,0,0,0,1,0,0,0,400
768,1991,1,61,2042,8,0.095052083,3.727864583,0,38,0.9433,0,0,0,1,0,0,0,0,0,0,0,0,0,0,0,1,0,0,0,293
774,616,1,54,2101,9,0.069767442,7.762273902,2,57,0.9071,0,0,0,0,1,0,0,0,0,0,0,0,0,0,0,1,0,0,0,329
775,1651,1,41,2133,9,0.19483871,10.07225806,1,39,0.974,0,0,0,1,0,0,0,0,0,0,1,0,0,0,0,0,0,0,0,536
781,743,1,53,1823,14,0.064020487,3.399487836,1,30,0.8248,0,0,0,0,1,0,0,0,0,0,1,0,0,0,0,0,0,0,0,177
782,877,2,54,3349,13,0.140664962,12.31841432,1,62,0.9803,0,0,0,1,0,0,0,0,0,0,1,0,0,0,0,0,0,0,0,701
788,712,2,59,2561,18,0.140862944,9.552030457,2,40,0.9711,0,0,0,0,1,0,0,0,0,0,1,0,0,0,0,0,0,0,0,520
789,2148,2,56,2552,17,0.319391635,7.441064639,1,51,0.9767,0,0,0,1,0,0,0,0,0,0,1,0,0,0,0,0,0,0,0,508
794,1215,2,77,2290,12,0.24559194,10.88664987,1,45,0.9896,0,0,0,0,0,1,0,0,0,0,1,0,0,0,0,0,0,0,0,602
795,624,2,50,2637,10,0.052830189,4.270440252,1,56,0.9782,0,0,0,0,1,0,0,0,0,0,1,0,0,0,0,0,0,0,0,179
796,179,1,53,2045,13,0.25,5.824120603,2,49,0.9159,0,0,0,1,0,0,0,0,0,0,1,0,0,0,0,0,0,0,0,356
798,709,0,33,1399,12,0.503759398,15.92982456,0,23,-0.5318,0,1,0,0,0,0,0,0,0,0,1,0,0,0,0,0,0,0,0,1026
801,808,3,62,1983,12,0.056179775,2.917602996,2,40,0.9848,0,0,0,0,0,1,0,0,0,0,1,0,0,0,0,0,0,0,0,138
802,679,1,43,2971,21,0.061097257,8.814214464,0,48,0.9946,0,0,0,0,1,0,0,0,0,0,1,0,0,0,0,0,0,0,0,279
803,781,1,30,3206,10,0.317559153,15.39227895,0,61,0.9821,0,0,0,1,0,0,0,0,0,0,1,0,0,0,0,0,0,0,0,678
809,919,3,33,2219,12,0.058096415,3.631644005,1,39,0.9581,0,0,0,0,1,0,0,0,0,0,0,0,0,0,1,0,0,0,0,185
810,761,1,54,3673,16,0.051851852,2.898765432,0,63,0.9891,0,0,0,1,0,0,0,0,0,0,0,0,0,0,1,0,0,0,0,103
811,647,2,38,2009,8,0.067817509,4.776818742,0,32,0.9145,0,0,1,0,0,0,0,0,0,0,0,0,0,0,1,0,0,0,0,320
812,2794,1,43,2090,19,0.060344828,1.759852217,0,31,0.8967,0,1,0,0,0,0,0,0,0,0,0,0,0,0,1,0,0,0,0,97
816,2252,2,60,2325,6,0.047794118,2.927696078,2,41,0.9762,0,0,0,0,1,0,0,0,0,0,0,0,0,0,1,0,0,0,0,228
817,1367,3,47,2588,14,0.044063647,4.728274174,1,56,0.9884,0,0,0,1,0,0,0,0,0,0,0,0,0,0,1,0,0,0,0,295
818,2092,5,57,2016,15,0.118581907,7.023227384,3,35,0.8967,0,0,1,0,0,0,0,0,0,0,0,0,0,0,1,0,0,0,0,388
823,806,1,50,3293,12,1.616038882,105.7484812,1,62,0.9887,0,0,0,0,1,0,0,0,0,0,0,0,0,0,1,0,0,0,0,6718
830,914,1,61,3700,15,0.601204819,65.52650602,0,66,0.9965,0,0,0,0,1,0,0,0,0,0,0,0,0,0,1,0,0,0,0,1705
831,1773,1,48,3804,12,0.12755716,9.530685921,0,66,0.9734,0,0,0,1,0,0,0,0,0,0,0,0,0,0,1,0,0,0,0,428
833,966,3,51,2511,13,0.036014406,3.326530612,1,43,0.9884,0,1,0,0,0,0,0,0,0,0,0,0,0,0,1,0,0,0,0,123
834,1021,4,55,3899,10,0.223021583,18.97482014,3,83,0.9898,1,0,0,0,0,0,0,0,0,0,0,0,0,0,1,0,0,0,0,789
837,944,1,51,4058,10,0.083632019,6.223416965,0,77,0.9961,0,0,0,0,1,0,0,0,1,0,0,0,0,0,0,0,0,0,0,354
838,2855,2,36,3487,10,0.07875895,8.072792363,0,48,0.9863,0,0,0,1,0,0,0,0,1,0,0,0,0,0,0,0,0,0,0,388
843,1015,2,40,3959,10,0.230130486,12.39620403,1,77,0.9975,0,0,0,0,0,1,0,0,1,0,0,0,0,0,0,0,0,0,0,467
844,1246,3,48,3980,8,0.263033175,7.941943128,1,72,-0.8331,0,0,0,0,1,0,0,0,1,0,0,0,0,0,0,0,0,0,0,423
845,580,3,49,3813,10,1.176331361,74.99171598,1,65,0.9575,0,0,0,1,0,0,0,0,1,0,0,0,0,0,0,0,0,0,0,4300
850,843,1,26,2064,6,0.041176471,1.678823529,1,32,0.8898,0,0,0,0,0,1,0,0,1,0,0,0,0,0,0,0,0,0,0,165
851,759,1,78,2755,10,0.03172738,3.948296122,0,48,0.9918,0,0,0,0,1,0,0,0,1,0,0,0,0,0,0,0,0,0,0,122
852,393,2,45,2625,8,0.05399061,2.426056338,1,46,0.989,0,0,0,1,0,0,0,0,1,0,0,0,0,0,0,0,0,0,0,112
855,1109,1,27,2001,9,0.045614035,1.69122807,0,32,0.9702,1,0,0,0,0,0,0,0,1,0,0,0,0,0,0,0,0,0,0,86
857,1818,1,52,2410,16,0.109684947,10.50991832,0,52,0.9535,0,0,0,0,0,1,0,0,1,0,0,0,0,0,0,0,0,0,0,367
858,1129,2,55,2897,10,0.057109557,3.657342657,0,53,0.9865,0,0,0,0,1,0,0,0,1,0,0,0,0,0,0,0,0,0,0,191
859,1259,1,38,3843,9,0.341094296,27.23282887,0,71,0.9958,0,0,0,1,0,0,0,0,1,0,0,0,0,0,0,0,0,0,0,1895
864,903,2,47,2609,10,0.247685185,9.096064815,2,51,-0.2669,0,0,0,0,0,1,0,0,1,0,0,0,0,0,0,0,0,0,0,523
865,959,2,68,2629,14,0.099421965,4.210404624,1,56,0.9916,0,0,0,0,1,0,0,0,0,1,0,0,0,0,0,0,0,0,0,279
866,1436,2,69,2904,10,0.508083141,52.05889145,2,55,0.9581,0,0,0,1,0,0,0,0,0,1,0,0,0,0,0,0,0,0,0,2697
868,746,2,30,2901,11,0.33640553,12.08410138,0,53,0.9408,0,1,0,0,0,0,0,0,0,1,0,0,0,0,0,0,0,0,0,504
871,608,2,65,2783,11,0.169919633,9.331802526,2,55,0.4754,0,0,0,0,0,1,0,0,0,1,0,0,0,0,0,0,0,0,0,407
872,1245,2,34,2696,10,0.06766055,5.564220183,1,59,0.9914,0,0,0,0,1,0,0,0,0,1,0,0,0,0,0,0,0,0,0,318
873,3441,2,50,3143,11,0.13860252,8.280641466,0,58,0.952,0,0,0,1,0,0,0,0,0,1,0,0,0,0,0,0,0,0,0,317
878,986,1,69,2528,11,0.10022779,4.023917995,1,44,0.9623,0,0,0,0,0,1,0,0,0,1,0,0,0,0,0,0,0,0,0,204
879,680,1,54,2924,14,0.043230944,3.524459613,2,58,0.9916,0,0,0,0,1,0,0,0,0,1,0,0,0,0,0,0,0,0,0,211
880,1363,1,66,2736,18,0.523863636,36.75113636,1,54,0.8736,0,0,0,1,0,0,0,0,0,1,0,0,0,0,0,0,0,0,0,2661
885,1449,1,35,1982,5,0.108474576,2.762711864,1,31,0.9644,0,0,0,0,0,1,0,0,0,1,0,0,0,0,0,0,0,0,0,293
886,1025,1,45,2863,21,0.145598194,7.387133183,1,56,0.8321,0,0,0,0,1,0,0,0,0,1,0,0,0,0,0,0,0,0,0,370
887,156,1,69,3001,18,0.148816234,9.490417136,3,60,-0.6615,0,0,0,1,0,0,0,0,0,1,0,0,0,0,0,0,0,0,0,589
891,623,0,26,168,11,0.015712682,1.182940516,0,0,0,1,0,0,0,0,0,0,0,0,1,0,0,0,0,0,0,0,0,0,58
892,716,1,49,3046,18,0.142376682,3.207399103,0,49,0.9874,0,0,0,0,0,1,0,0,0,1,0,0,0,0,0,0,0,0,0,195
893,1311,1,47,4394,18,0.036954087,2.863381859,0,91,0.9962,0,0,0,0,1,0,0,0,0,1,0,0,0,0,0,0,0,0,0,292
894,548,1,39,2669,19,0.118568233,6.498881432,0,47,0.9873,0,0,0,1,0,0,0,0,0,1,0,0,0,0,0,0,0,0,0,352
898,628,2,27,1979,9,0.03674833,1.094654788,0,31,0.8538,1,0,0,0,0,0,0,1,0,0,0,0,0,0,0,0,0,0,0,85
899,831,2,49,2956,14,0.242491657,9.313681869,3,76,0.6759,0,0,0,0,0,1,0,1,0,0,0,0,0,0,0,0,0,0,0,575
900,654,2,56,4976,12,0.045555556,3.54,2,104,0.9975,0,0,0,0,1,0,0,1,0,0,0,0,0,0,0,0,0,0,0,246
903,1413,3,42,1908,30,0.03875969,2.033222591,0,29,0.9548,0,1,0,0,0,0,0,1,0,0,0,0,0,0,0,0,0,0,0,141
905,1030,3,33,1962,30,0.028729282,2.114917127,0,30,0.8898,0,0,0,0,0,0,1,1,0,0,0,0,0,0,0,0,0,0,0,108
906,801,1,42,2821,21,0.142384106,10.1611479,1,59,0.8475,0,0,0,0,0,1,0,1,0,0,0,0,0,0,0,0,0,0,0,489
907,745,2,62,4188,15,0.081587652,9.938257993,1,86,0.9942,0,0,0,0,1,0,0,1,0,0,0,0,0,0,0,0,0,0,0,818
908,1065,2,43,3312,24,0.053964758,2.768722467,1,61,0.9937,0,0,0,1,0,0,0,1,0,0,0,0,0,0,0,0,0,0,0,218
909,679,3,33,1943,14,0.01210121,1.207920792,0,29,0.9307,0,0,1,0,0,0,0,1,0,0,0,0,0,0,0,0,0,0,0,71
910,559,2,52,2184,22,0.054945055,12.65274725,0,31,0.9734,0,1,0,0,0,0,0,1,0,0,0,0,0,0,0,0,0,0,0,443
914,663,1,27,2003,21,0.035010941,2.56345733,2,36,0.8898,0,0,0,0,1,0,0,1,0,0,0,0,0,0,0,0,0,0,0,143
915,938,1,47,2195,23,0.046994536,3.165027322,1,33,0.9724,0,0,0,1,0,0,0,1,0,0,0,0,0,0,0,0,0,0,0,251
916,650,2,41,1952,21,0.012008734,0.89628821,0,31,0.8898,0,0,1,0,0,0,0,1,0,0,0,0,0,0,0,0,0,0,0,72
917,504,3,34,1958,21,0.00436205,0.628135224,0,32,0.9417,0,1,0,0,0,0,0,1,0,0,0,0,0,0,0,0,0,0,0,47
918,575,1,45,2073,16,0.040305011,1.525054466,3,36,0.9668,0,1,0,0,0,0,0,1,0,0,0,0,0,0,0,0,0,0,0,77
918,785,2,42,2014,13,0.030501089,2.21459695,0,31,0.8765,1,0,0,0,0,0,0,1,0,0,0,0,0,0,0,0,0,0,0,130
919,1054,0,33,2006,13,0.048966268,2.023939064,0,31,0.949,0,0,0,0,0,0,1,1,0,0,0,0,0,0,0,0,0,0,0,137
920,1034,2,48,1904,13,0.020652174,0.82826087,0,29,0.9498,0,0,0,0,0,0,1,1,0,0,0,0,0,0,0,0,0,0,0,52
920,1130,3,43,1979,14,0.026086957,0.919565217,1,30,0.9682,0,0,0,0,0,1,0,1,0,0,0,0,0,0,0,0,0,0,0,80
921,827,1,30,2349,21,0.099891422,4.678610206,1,41,0.9039,0,0,0,0,1,0,0,1,0,0,0,0,0,0,0,0,0,0,0,321
922,298,2,66,4135,16,0.087852495,6.09978308,1,87,-0.9877,0,0,0,1,0,0,0,1,0,0,0,0,0,0,0,0,0,0,0,452
927,946,1,24,2108,15,0.378640777,11.59331176,0,31,0.9329,0,0,0,0,0,1,0,0,0,0,0,0,0,0,0,0,1,0,0,599
928,741,1,55,2274,22,0.02262931,1.409482759,0,40,0.754,0,0,0,0,1,0,0,0,0,0,0,0,0,0,0,0,1,0,0,95
935,1578,1,41,2799,19,0.131550802,7.842780749,0,48,0.9879,0,0,0,0,1,0,0,0,0,0,0,0,0,0,0,0,1,0,0,546
935,767,1,54,2313,15,0.009625668,1.573262032,1,45,0.9562,0,0,0,0,1,0,0,0,0,0,0,0,0,0,0,0,1,0,0,79
936,968,1,29,3340,20,0.077991453,7.803418803,1,64,0.9919,0,0,0,1,0,0,0,0,0,0,0,0,0,0,0,0,1,0,0,591
941,1695,1,36,2313,9,0.080765143,2.131774708,1,45,0.9799,0,0,0,0,0,1,0,0,0,0,0,0,0,0,0,0,1,0,0,214
942,635,1,51,2057,17,0.035031847,4.366242038,0,35,0.9224,0,0,0,0,1,0,0,0,0,0,0,0,0,0,0,0,1,0,0,164
943,514,1,27,3417,20,0.148462354,10.28419936,0,58,0.9965,0,0,0,1,0,0,0,0,0,0,0,0,0,0,0,0,1,0,0,710
946,705,1,40,2017,10,0.067653277,12.07505285,4,35,0.9209,1,0,0,0,0,0,0,0,0,0,0,0,0,0,0,0,1,0,0,161
948,403,1,48,2355,21,0.04535865,2.077004219,0,40,0.8944,0,0,0,0,0,1,0,0,0,0,0,0,0,0,0,0,1,0,0,151
949,696,0,40,2171,16,0.046364594,2.659641728,0,36,0.9364,0,0,0,0,1,0,0,0,0,0,0,0,0,0,0,0,1,0,0,151
950,2498,1,51,2261,15,0.087368421,4.477894737,0,32,0.9032,0,0,0,1,0,0,0,0,0,0,0,0,0,0,0,0,1,0,0,320
955,448,1,54,2125,13,0.033507853,1.37382199,0,33,0.9355,0,0,0,0,0,1,0,0,0,0,0,0,0,0,0,0,1,0,0,73
956,386,1,36,1977,5,0.012552301,0.469665272,0,29,0.8967,0,0,0,0,1,0,0,0,0,0,0,0,0,0,0,0,1,0,0,32
957,661,1,15,1929,4,0.042842215,1.078369906,0,31,0.9638,0,0,0,0,1,0,0,0,0,0,0,0,0,0,0,0,1,0,0,102
958,642,2,39,2489,21,0.103340292,8.498956159,0,45,-0.3923,0,0,0,1,0,0,0,0,0,0,0,0,0,0,0,0,0,1,0,671
959,868,1,32,2658,20,0.040667362,1.289885297,0,46,0.9613,0,1,0,0,0,0,0,0,0,0,0,0,0,0,0,0,0,1,0,99
963,690,3,63,3591,14,0.446521288,13.23260644,0,48,0.986,0,0,0,0,1,0,0,0,0,0,0,0,0,0,0,0,0,1,0,416
964,623,3,58,4077,10,0.033195021,1.31120332,2,79,0.9977,0,0,0,1,0,0,0,0,0,0,0,0,0,0,0,0,0,1,0,113
971,626,3,36,1975,16,0.079299691,3.77445932,0,30,0.8898,0,0,0,0,1,0,0,0,0,0,0,0,0,0,0,0,0,1,0,241
971,779,1,45,3792,17,0.266735324,33.74974253,0,69,0.99,0,0,0,1,0,0,0,0,0,0,0,0,0,0,0,0,0,1,0,1433
973,902,1,31,1943,5,0.144912641,1.9331963,1,31,0.7842,0,0,1,0,0,0,0,0,0,0,0,0,0,0,0,0,0,1,0,234
977,607,3,29,2166,9,0.10542477,2.648925281,0,40,0.8635,0,0,0,0,1,0,0,0,0,0,0,0,0,0,0,0,0,1,0,283
978,3264,2,56,4116,19,0.373210634,44.20961145,1,78,0.9985,0,0,0,1,0,0,0,0,0,0,0,0,0,0,0,0,0,1,0,1688
981,1135,2,35,108,18,0.0254842,1.467889908,0,1,0.296,0,1,0,0,0,0,0,0,0,0,0,0,0,0,0,0,0,1,0,107
982,910,0,32,2304,22,0.043788187,1.188391039,2,50,0.9841,1,0,0,0,0,0,0,0,0,0,0,0,0,0,0,0,0,1,0,73
983,816,2,54,3189,24,0.124109868,1.717192269,2,64,0.998,0,0,0,0,0,1,0,0,0,0,0,0,0,0,0,0,0,1,0,148
985,695,2,29,3478,20,0.086294416,4.653807107,1,77,-0.8127,0,0,0,0,1,0,0,0,0,0,0,0,0,0,0,0,0,1,0,251
986,382,4,35,3343,21,0.080121704,5.56693712,0,59,0.9949,0,0,0,1,0,0,0,0,0,0,0,0,0,0,0,0,0,1,0,359
991,628,5,73,2801,24,0.071644803,1.218970737,0,51,0.9943,0,0,0,0,0,1,0,0,0,0,0,0,0,0,0,0,0,0,1,170
992,799,2,18,3159,19,0.14516129,5.602822581,0,46,0.9593,0,0,0,0,1,0,0,0,0,0,0,0,0,0,0,0,0,0,1,350
993,307,4,80,3209,16,0.183282981,9.520644512,1,64,0.9876,0,0,0,1,0,0,0,0,0,0,0,0,0,0,0,0,0,0,1,580
994,1396,1,43,2109,22,0.320925553,6.215291751,0,35,0.8968,0,0,1,0,0,0,0,0,0,0,0,0,0,0,0,0,0,0,1,422
999,565,0,57,1887,18,0.036036036,2.103103103,1,31,0.8898,0,0,0,1,0,0,0,0,0,0,0,0,0,0,0,0,0,0,1,162
1005,342,3,32,2255,11,0.062686567,3.781094527,0,38,0.9267,0,0,0,0,1,0,0,0,0,0,0,0,0,0,0,0,0,0,1,260
1008,614,0,48,1950,1,0.050595238,2.189484127,2,33,0.9194,0,0,1,0,0,0,0,0,0,0,0,0,0,0,0,0,0,0,1,191
1012,696,4,44,1911,13,0.046442688,3.731225296,0,32,0.9548,0,0,0,0,1,0,0,0,0,0,0,0,0,0,0,0,0,0,1,203
1013,3588,0,45,2324,16,0.063178677,3.860809477,0,48,0.9832,0,0,0,1,0,0,0,0,0,0,0,0,0,0,0,0,0,0,1,287
1016,951,3,32,2804,12,0.037401575,1.604330709,0,53,0.9893,0,1,0,0,0,0,0,0,0,0,0,0,0,0,0,0,0,0,1,103
1018,142,1,41,1815,20,0.044204322,1.969548134,2,31,0.9668,0,0,0,0,0,1,0,0,0,0,0,1,0,0,0,0,0,0,0,109
1019,794,2,28,1888,13,0.130520118,1.209028459,0,31,0.9194,0,0,0,0,1,0,0,0,0,0,0,1,0,0,0,0,0,0,0,258
1020,3073,3,40,2092,23,0.162745098,69.09313725,0,37,0.9542,0,0,0,1,0,0,0,0,0,0,0,1,0,0,0,0,0,0,0,1546
1023,230,2,41,2871,16,0.065493646,2.475073314,1,54,0.9889,0,1,0,0,0,0,0,0,0,0,0,1,0,0,0,0,0,0,0,153
1026,933,1,53,1922,12,0.061403509,3.16374269,1,31,0.8898,0,0,0,0,1,0,0,0,0,0,0,1,0,0,0,0,0,0,0,260
1027,3132,1,48,3527,18,0.222979552,9.843232717,3,90,0.992,0,0,0,1,0,0,0,0,0,0,0,1,0,0,0,0,0,0,0,986
1030,634,1,41,2850,13,0.047572816,4.276699029,0,52,0.9902,0,1,0,0,0,0,0,0,0,0,0,1,0,0,0,0,0,0,0,225
1033,700,3,49,3345,12,0.335914811,23.45014521,1,69,0.9892,0,0,0,0,1,0,0,0,0,0,0,1,0,0,0,0,0,0,0,1426
1037,917,1,38,2880,15,0.06268081,3.670202507,1,56,0.9809,0,1,0,0,0,0,0,0,0,0,0,1,0,0,0,0,0,0,0,204
1044,678,1,55,2835,11,0.109195402,5.416666667,0,53,0.9885,0,1,0,0,0,0,0,0,0,0,0,1,0,0,0,0,0,0,0,321
1046,530,1,40,2606,15,0.063097514,7.012428298,2,48,0.9089,0,0,0,0,0,1,0,0,0,0,0,1,0,0,0,0,0,0,0,485
1047,732,3,48,3032,9,0.193887297,7.415472779,0,56,0.9808,0,0,0,0,1,0,0,0,0,0,0,1,0,0,0,0,0,0,0,398
1051,594,2,45,2737,8,0.076117983,3.307326356,0,53,0.9922,0,1,0,0,0,0,0,0,0,0,0,0,1,0,0,0,0,0,0,193
1053,270,1,23,2060,6,0.042735043,2.051282051,2,38,0.9304,0,0,0,0,0,1,0,0,0,0,0,0,1,0,0,0,0,0,0,139
1054,47,3,45,1940,15,0.016129032,1.19544592,2,36,0.9584,0,0,0,0,1,0,0,0,0,0,0,0,1,0,0,0,0,0,0,77
1055,745,2,37,1958,11,0.019905213,0.507109005,1,35,0.8967,0,0,0,0,1,0,0,0,0,0,0,0,1,0,0,0,0,0,0,47
1055,675,0,37,3614,9,0.192417062,4.897630332,1,88,0.9935,0,0,0,1,0,0,0,0,0,0,0,0,1,0,0,0,0,0,0,545
1057,1003,1,20,2345,13,0.034058657,3.654683065,0,48,0.9799,0,1,0,0,0,0,0,0,0,0,0,0,1,0,0,0,0,0,0,233
1062,710,1,46,2000,3,0.062146893,5.206214689,1,31,0.8941,0,0,0,1,0,0,0,0,0,0,0,0,1,0,0,0,0,0,0,311
1069,374,3,39,3335,21,0.179607109,16.44153414,1,65,0.9894,0,0,0,1,0,0,0,0,0,0,0,0,1,0,0,0,0,0,0,1024
1071,475,3,45,1951,23,0.042016807,2.078431373,0,32,0.8898,0,0,1,0,0,0,0,0,0,0,0,0,1,0,0,0,0,0,0,168
1075,1707,2,48,1955,12,0.041860465,1.663255814,1,33,0.8941,0,0,0,0,1,0,0,0,0,0,0,0,1,0,0,0,0,0,0,143
1076,1000,2,57,3363,17,0.36802974,52.47026022,1,79,0.3296,0,0,0,1,0,0,0,0,0,0,0,0,1,0,0,0,0,0,0,4092
1083,647,1,37,2555,16,0.385964912,36.72853186,0,44,0.8202,0,0,0,1,0,0,0,0,0,0,0,0,0,1,0,0,0,0,0,2070
1085,583,2,43,2255,20,0.060829493,4.411981567,0,38,0.9771,0,1,0,0,0,0,0,0,0,0,0,0,0,1,0,0,0,0,0,314
1089,795,1,31,2404,18,0.072543618,3.412304867,0,39,0.9913,0,0,0,0,1,0,0,0,0,0,0,0,0,1,0,0,0,0,0,216
1090,887,1,46,2772,18,0.055963303,2.311926606,0,58,0.9789,0,0,0,1,0,0,0,0,0,0,0,0,0,1,0,0,0,0,0,212
1096,1210,2,25,4744,21,0.216240876,43.34306569,0,92,0.9984,0,0,0,0,1,0,0,0,0,0,0,0,0,1,0,0,0,0,0,1852
1097,1028,1,54,4349,22,0.286235187,33.93345488,0,100,0.9951,0,0,0,1,0,0,0,0,0,0,0,0,0,1,0,0,0,0,0,1804
1104,1530,3,37,3875,23,0.053442029,2.113224638,0,70,0.9976,0,0,0,1,0,0,0,0,0,0,0,0,0,1,0,0,0,0,0,197
1111,3377,2,48,3625,21,0.115211521,5.141314131,0,66,0.9789,0,0,0,1,0,0,0,0,0,0,0,0,0,0,0,1,0,0,0,339
1114,856,1,37,2328,20,0.017055655,1.721723519,0,48,0.9799,0,1,0,0,0,0,0,0,0,0,0,0,0,0,0,1,0,0,0,105
1118,3464,3,47,4234,23,0.110017889,6.508944544,1,83,0.9964,0,0,0,1,0,0,0,0,0,0,0,0,0,0,0,1,0,0,0,556
1121,679,1,36,2787,20,0.020517395,1.213202498,1,57,0.9799,0,1,0,0,0,0,0,0,0,0,0,0,0,0,0,1,0,0,0,102
1125,250,3,62,3944,19,0.288,9.037333333,2,81,0.9965,0,0,0,1,0,0,0,0,0,0,0,0,0,0,0,1,0,0,0,666
1132,881,3,36,2839,4,0.036219081,1.402826855,0,50,0.9793,0,0,0,0,1,0,0,0,0,0,0,0,0,0,0,1,0,0,0,136
1132,1916,2,49,3919,27,0.17844523,5.484982332,0,71,0.9952,0,0,0,1,0,0,0,0,0,0,0,0,0,0,0,1,0,0,0,547
1135,675,0,8,2756,1,0.026431718,1.14185022,0,49,0.9786,0,1,0,0,0,0,0,0,0,0,0,0,0,0,0,1,0,0,0,80
1138,628,2,63,2711,17,0.05887522,2.087873462,1,50,0.9846,0,0,0,0,0,1,0,0,0,0,0,0,0,0,0,1,0,0,0,181
1138,653,2,41,2680,11,0.028998243,1.266256591,0,48,0.978,0,0,0,0,1,0,0,0,0,0,0,0,0,0,0,1,0,0,0,99
1139,649,2,52,4508,20,0.574187884,30.4143986,2,96,0.9943,0,0,0,1,0,0,0,0,0,0,0,0,0,0,0,1,0,0,0,1950
1140,3553,0,40,3397,16,0.111403509,16.49824561,0,71,0.9861,0,0,1,0,0,0,0,0,0,0,0,0,0,0,0,1,0,0,0,324
1142,891,2,23,2341,17,0.04028021,5.239929947,0,48,0.9799,0,1,0,0,0,0,0,0,0,0,1,0,0,0,0,0,0,0,0,242
1147,498,1,49,4491,20,1.81255449,220.5710549,0,92,0.9563,0,0,0,1,0,0,0,0,0,0,1,0,0,0,0,0,0,0,0,12261
1149,626,1,24,2323,21,0.019147084,1.0948651,0,48,0.9799,0,1,0,0,0,0,0,0,0,0,1,0,0,0,0,0,0,0,0,103
1152,794,2,41,3562,20,0.019097222,0.638888889,1,63,0.9938,0,0,0,0,1,0,0,0,0,0,1,0,0,0,0,0,0,0,0,83
1153,934,2,47,4207,20,0.133564614,5.721595837,0,78,0.9894,0,0,0,1,0,0,0,0,0,0,1,0,0,0,0,0,0,0,0,467
1157,826,3,47,3049,12,0.092480553,1.145203111,1,53,0.9824,1,0,0,0,0,0,0,0,0,0,1,0,0,0,0,0,0,0,0,180
1160,934,2,50,3773,17,0.126724138,4.727586207,0,69,0.9912,0,0,0,0,1,0,0,0,0,0,1,0,0,0,0,0,0,0,0,327
1163,1168,1,31,2335,23,0.07394669,2.363714531,0,48,0.9784,0,1,0,0,0,0,0,0,0,0,1,0,0,0,0,0,0,0,0,163
1164,738,1,45,2800,23,0.037800687,1.905498282,0,52,0.9771,1,0,0,0,0,0,0,0,0,0,1,0,0,0,0,0,0,0,0,234
1166,658,2,50,2822,16,0.075471698,4.843053173,2,50,0.9821,0,0,0,0,0,1,0,0,0,0,1,0,0,0,0,0,0,0,0,362
1167,782,1,41,2563,23,0.055698372,1.05655527,1,47,0.981,0,0,0,0,1,0,0,0,0,0,1,0,0,0,0,0,0,0,0,156
1167,443,1,38,3463,21,0.155098543,8.351328192,0,58,0.9947,0,0,0,1,0,0,0,0,0,0,1,0,0,0,0,0,0,0,0,651
1169,786,4,50,2538,19,0.086398631,5.720273738,3,45,0.9778,0,0,1,0,0,0,0,0,0,0,1,0,0,0,0,0,0,0,0,411
1170,756,2,37,2635,20,0.160683761,12.81025641,0,44,0.9771,0,1,0,0,0,0,0,0,0,0,1,0,0,0,0,0,0,0,0,1037
1171,574,3,33,2840,23,0.174210077,26.23996584,1,52,0.9906,1,0,0,0,0,0,0,0,0,0,1,0,0,0,0,0,0,0,0,1436
1173,1105,3,56,3107,19,0.189258312,8.542199488,1,63,0.9847,0,0,0,0,0,1,0,0,0,0,0,0,0,0,1,0,0,0,0,464
1173,816,3,65,3630,15,0.156862745,17.11167945,1,81,-0.9088,0,0,0,0,1,0,0,0,0,0,0,0,0,0,1,0,0,0,0,475
1174,364,1,46,3936,14,0.069846678,3.61669506,0,77,0.998,0,0,0,1,0,0,0,0,0,0,0,0,0,0,1,0,0,0,0,242
1176,968,2,42,2474,25,0.101190476,8.165816327,0,49,0.9742,0,1,0,0,0,0,0,0,0,0,0,0,0,0,1,0,0,0,0,327
1180,604,1,49,2700,21,0.075423729,2.169491525,1,51,0.9868,0,0,0,0,0,1,0,0,0,0,0,0,0,0,1,0,0,0,0,200
1180,224,4,51,2893,13,0.026271186,0.940677966,0,55,0.9829,0,0,0,0,1,0,0,0,0,0,0,0,0,0,1,0,0,0,0,103
1181,954,1,30,3234,17,0.009314141,0.560541914,1,81,0.9857,0,0,0,0,1,0,0,0,0,0,0,0,0,0,1,0,0,0,0,61
1183,582,3,47,2316,16,0.079459003,6.56635672,1,50,0.976,0,1,0,0,0,0,0,0,0,0,0,0,0,0,1,0,0,0,0,353
1186,737,2,27,3062,8,0.153456998,6.065767285,1,67,0.9862,0,0,0,0,0,1,0,0,0,0,0,0,0,0,1,0,0,0,0,297
1187,889,7,45,3086,27,0.117101938,6.213984836,0,62,0.9852,0,0,0,0,1,0,0,0,0,0,0,0,0,0,1,0,0,0,0,296
1190,517,1,36,2087,17,0.053781513,2.087394958,0,42,0.9705,0,1,0,0,0,0,0,0,0,0,0,0,0,0,1,0,0,0,0,93
1194,940,1,46,2647,15,0.14321608,2.232830821,2,59,0.9877,0,0,0,0,0,1,0,0,0,0,0,0,0,0,1,0,0,0,0,239
1194,1142,1,31,2956,17,0.091289782,2.278056951,1,67,-0.8831,0,0,0,0,1,0,0,0,0,0,0,0,0,0,1,0,0,0,0,209
1198,265,2,15,2610,19,0.05509182,7.424040067,0,48,0.9924,0,1,0,0,0,0,0,0,0,0,0,0,0,0,1,0,0,0,0,244
1199,526,2,44,2775,12,0.143452877,9.306922435,0,50,0.96,1,0,0,0,0,0,0,0,0,0,0,0,0,0,1,0,0,0,0,452
1201,797,2,38,3423,21,0.214820983,11.25228976,1,72,0.981,0,0,0,0,1,0,0,0,0,0,0,0,0,0,1,0,0,0,0,391
1204,471,1,40,1821,16,0.063122924,2.588039867,0,24,-0.7135,0,1,0,0,0,0,0,0,1,0,0,0,0,0,0,0,0,0,0,162
1208,917,2,56,2458,19,0.07781457,3.014072848,2,36,0.9665,0,0,0,0,0,1,0,0,1,0,0,0,0,0,0,0,0,0,0,265
1209,255,1,51,3845,23,0.311000827,15.55086849,1,88,0.997,0,0,0,1,0,0,0,0,1,0,0,0,0,0,0,0,0,0,0,1042
1211,197,1,41,1551,18,0.168455822,4.575557391,1,20,-0.9047,0,1,0,0,0,0,0,0,1,0,0,0,0,0,0,0,0,0,0,340
1212,390,2,46,2383,14,0.035478548,1.875412541,2,39,0.9854,1,0,0,0,0,0,0,0,1,0,0,0,0,0,0,0,0,0,0,88
1215,559,3,55,2846,22,0.116872428,5.297119342,0,48,0.9868,0,0,0,0,0,1,0,0,1,0,0,0,0,0,0,0,0,0,0,494
1215,803,2,50,2994,18,0.198353909,7.993415638,0,45,0.9773,0,0,0,0,1,0,0,0,1,0,0,0,0,0,0,0,0,0,0,606
1218,368,3,29,1350,22,0.060755337,3.962233169,0,19,-0.1983,0,1,0,0,0,0,0,0,1,0,0,0,0,0,0,0,0,0,0,254
1222,1108,4,45,2529,16,0.085106383,2.051554828,1,37,0.9737,0,0,0,0,0,1,0,0,1,0,0,0,0,0,0,0,0,0,0,174
1222,736,1,38,2335,13,0.051554828,1.130932897,1,34,0.9665,0,0,0,0,1,0,0,0,1,0,0,0,0,0,0,0,0,0,0,149
1223,3095,2,46,4455,20,0.271463614,21.47914963,2,106,0.9978,0,0,0,1,0,0,0,0,1,0,0,0,0,0,0,0,0,0,0,729
1225,314,1,42,1282,13,0.017142857,2.782040816,0,16,-0.1983,0,1,0,0,0,0,0,0,1,0,0,0,0,0,0,0,0,0,0,152
1229,681,0,68,2350,12,0.065907242,2.572823434,0,34,0.9747,0,0,0,0,0,1,0,0,1,0,0,0,0,0,0,0,0,0,0,233
1229,1494,0,51,2380,17,0.239218877,18.12449146,0,37,0.969,0,0,0,0,1,0,0,0,1,0,0,0,0,0,0,0,0,0,0,1152
1232,246,0,61,1296,17,0.051136364,4.827922078,1,17,-0.1983,0,1,0,0,0,0,0,0,0,1,0,0,0,0,0,0,0,0,0,258
1235,602,3,59,2793,9,0.051821862,0.957894737,1,50,0.9811,0,0,0,0,0,1,0,0,0,1,0,0,0,0,0,0,0,0,0,128
1236,566,3,53,2345,17,0.066343042,3.556634304,1,37,0.975,0,0,0,0,1,0,0,0,0,1,0,0,0,0,0,0,0,0,0,263
1237,2956,2,65,4728,21,3.632174616,455.8261924,2,90,0.9902,0,0,0,1,0,0,0,0,0,1,0,0,0,0,0,0,0,0,0,18899
1239,369,1,40,1281,16,0.086359968,6.647296207,1,17,-0.6688,0,1,0,0,0,0,0,0,0,1,0,0,0,0,0,0,0,0,0,332
1242,696,1,48,2392,20,0.101449275,4.350241546,0,36,0.9785,0,0,0,0,0,1,0,0,0,1,0,0,0,0,0,0,0,0,0,248
1243,736,1,54,2383,18,0.205953339,9.441673371,0,31,0.9273,0,0,0,0,1,0,0,0,0,1,0,0,0,0,0,0,0,0,0,603
1246,689,0,42,1323,13,0.052969502,3.493579454,1,17,0.0042,0,1,0,0,0,0,0,0,0,1,0,0,0,0,0,0,0,0,0,180
1250,1094,1,46,2598,19,0.0496,1,1,41,0.9716,0,0,0,0,1,0,0,0,0,1,0,0,0,0,0,0,0,0,0,85
1258,158,1,28,1325,21,0.046899841,3.86963434,0,18,-0.4738,0,0,0,1,0,0,0,0,0,1,0,0,0,0,0,0,0,0,0,224
1265,621,2,14,2304,13,0.045849802,1.139130435,0,31,0.9538,0,0,0,1,0,0,0,1,0,0,0,0,0,0,0,0,0,0,0,195
1270,589,1,31,2665,16,0.07480315,1.501574803,0,36,0.5299,0,0,0,0,0,0,1,1,0,0,0,0,0,0,0,0,0,0,0,146
1274,349,0,38,1309,18,0.056514914,3.043171115,1,18,-0.1983,0,1,0,0,0,0,0,1,0,0,0,0,0,0,0,0,0,0,0,181
1275,334,2,52,2363,18,0.021176471,0.734901961,0,32,0.9285,0,1,0,0,0,0,0,1,0,0,0,0,0,0,0,0,0,0,0,69
1276,743,3,56,2364,16,0.028996865,0.891065831,2,34,0.9516,1,0,0,0,0,0,0,1,0,0,0,0,0,0,0,0,0,0,0,79
1279,631,1,59,2416,20,0.038311181,0.669272869,0,32,0.9208,0,0,0,0,1,0,0,1,0,0,0,0,0,0,0,0,0,0,0,86
1281,1217,3,42,1304,22,0.078064012,3.968774395,0,17,0.2769,0,1,0,0,0,0,0,1,0,0,0,0,0,0,0,0,0,0,0,260
1283,839,3,50,2417,28,0.060795012,0.702260327,1,38,0.985,1,0,0,0,0,0,0,1,0,0,0,0,0,0,0,0,0,0,0,99
1286,284,1,56,4743,15,0.981337481,65.7348367,3,129,0.9004,0,0,0,1,0,0,0,1,0,0,0,0,0,0,0,0,0,0,0,4070
1288,3038,2,52,2558,27,0.041149068,0.86568323,2,45,0.9872,0,0,1,0,0,0,0,1,0,0,0,0,0,0,0,0,0,0,0,114
1288,815,0,46,1527,13,0.036490683,1.39984472,1,23,-0.8168,0,1,0,0,0,0,0,1,0,0,0,0,0,0,0,0,0,0,0,131
1289,492,6,56,2795,18,0.064391001,1.260667184,0,44,0.9894,0,1,0,0,0,0,0,1,0,0,0,0,0,0,0,0,0,0,0,139
1290,505,3,43,3006,25,0.058139535,0.984496124,1,52,0.9914,1,0,0,0,0,0,0,1,0,0,0,0,0,0,0,0,0,0,0,145
1291,868,1,38,2375,19,0.096049574,1.940356313,0,31,0.8016,0,0,0,0,0,0,1,1,0,0,0,0,0,0,0,0,0,0,0,242
1295,925,3,24,1314,13,0.068725869,3.121235521,1,18,0.2538,0,1,0,0,0,0,0,0,0,0,0,0,0,0,0,0,1,0,0,213
1300,721,2,43,3698,19,0.126153846,3.874615385,1,75,0.9962,0,0,0,1,0,0,0,0,0,0,0,0,0,0,0,0,1,0,0,352
1309,634,0,18,1284,18,0.044308633,2.945760122,0,16,-0.2676,0,1,0,0,0,0,0,0,0,0,0,0,0,0,0,0,1,0,0,217
1316,431,2,44,1315,14,0.074468085,2.06231003,2,19,-0.1983,0,1,0,0,0,0,0,0,0,0,0,0,0,0,0,0,1,0,0,191
1323,526,1,20,1261,19,0.022675737,1.419501134,1,17,-0.3577,0,1,0,0,0,0,0,0,0,0,0,0,0,0,0,0,0,1,0,130
1325,97,0,17,2013,1,0.174339623,3.317735849,0,29,0.7901,1,0,0,0,0,0,0,0,0,0,0,0,0,0,0,0,0,1,0,469
1331,867,1,8,1661,14,0.083395943,2.836964688,0,26,0.1069,0,1,0,0,0,0,0,0,0,0,0,0,0,0,0,0,0,1,0,206
1335,689,1,26,2209,17,0.143820225,2.72659176,2,33,0.2942,0,0,0,1,0,0,0,0,0,0,0,0,0,0,0,0,0,1,0,251
1342,188,2,36,3005,19,0.210879285,7.602831595,0,48,0.9866,0,0,0,1,0,0,0,0,0,0,0,0,0,0,0,0,0,1,0,552
1343,549,4,30,2014,11,0.048399106,1.162323157,1,30,0.7901,0,0,1,0,0,0,0,0,0,0,0,0,0,0,0,0,0,1,0,163
1349,602,2,50,3364,18,0.247590808,16.05930319,1,54,0.9949,0,0,0,1,0,0,0,0,0,0,0,0,0,0,0,0,0,1,0,942
1357,506,0,41,2791,20,0.056742815,3.446573324,1,47,0.9925,0,0,1,0,0,0,0,0,0,0,0,0,0,0,0,0,0,0,1,206
1362,407,2,49,2665,17,0.189427313,2.878120411,1,43,0.938,0,0,0,0,1,0,0,0,0,0,0,0,0,0,0,0,0,0,1,366
1363,268,1,41,3226,23,0.426265591,26.34776229,0,59,0.9937,0,0,0,1,0,0,0,0,0,0,0,0,0,0,0,0,0,0,1,2092
1364,733,2,41,2638,17,0.06744868,1.807917889,0,54,0.5972,0,0,1,0,0,0,0,0,0,0,0,0,0,0,0,0,0,0,1,162
1370,742,0,50,3037,22,0.29270073,13.93284672,0,67,0.9842,0,0,0,1,0,0,0,0,0,0,0,0,0,0,0,0,0,0,1,966
1378,680,0,32,2741,20,0.070391872,2.701741655,1,48,-0.9709,0,0,1,0,0,0,0,0,0,0,0,0,0,0,0,0,0,0,1,249
1385,490,0,37,2680,17,0.03465704,1.63032491,2,53,0.9824,0,0,1,0,0,0,0,0,0,0,0,1,0,0,0,0,0,0,0,164
1392,330,1,37,2940,12,0.065373563,3.293103448,0,42,0.9651,0,0,1,0,0,0,0,0,0,0,0,1,0,0,0,0,0,0,0,240
1398,424,1,15,2971,15,0.151645207,1.019313305,0,43,0.9691,0,0,0,1,0,0,0,0,0,0,0,1,0,0,0,0,0,0,0,198
1403,615,3,37,2649,20,0.02637206,1.037063435,1,42,0.942,0,0,0,0,0,1,0,0,0,0,0,1,0,0,0,0,0,0,0,92
1405,3330,2,51,3197,24,0.413523132,50.20711744,0,55,0.9918,0,0,0,1,0,0,0,0,0,0,0,1,0,0,0,0,0,0,0,2176
1406,686,2,34,2420,19,0.044807966,2.46230441,0,38,0.9665,0,0,1,0,0,0,0,0,0,0,0,1,0,0,0,0,0,0,0,209
1413,318,3,48,2275,20,0.055909413,5.491153574,2,37,0.9167,0,0,1,0,0,0,0,0,0,0,0,1,0,0,0,0,0,0,0,300
1419,881,3,40,3032,20,0.178999295,6.665257223,0,40,0.9936,0,0,0,1,0,0,0,0,0,0,0,0,1,0,0,0,0,0,0,627
1426,620,1,39,2893,17,0.205469846,17.1171108,2,49,0.9746,0,0,0,1,0,0,0,0,0,0,0,0,1,0,0,0,0,0,0,377
1433,2110,2,45,3358,20,0.2965806,17.27773901,1,64,0.9239,0,0,0,1,0,0,0,0,0,0,0,0,1,0,0,0,0,0,0,1338
1440,3034,1,28,2634,19,0.131944444,4.084027778,0,43,0.9874,0,0,0,1,0,0,0,0,0,0,0,0,1,0,0,0,0,0,0,480
1447,481,2,29,2562,13,0.01796821,0.878369039,0,37,0.9898,0,0,0,1,0,0,0,0,0,0,0,0,0,1,0,0,0,0,0,88
1452,1092,3,47,2219,18,0.094352617,2.771349862,1,33,0.9577,0,0,0,0,0,1,0,0,0,0,0,0,0,1,0,0,0,0,0,247
1454,663,2,49,2485,17,0.040577717,1.806740028,1,44,0.9617,0,0,0,1,0,0,0,0,0,0,0,0,0,1,0,0,0,0,0,162
1459,426,2,32,3069,21,0.037011652,1.532556546,2,66,0.9955,0,0,0,0,0,1,0,0,0,0,0,0,0,1,0,0,0,0,0,160
1461,3327,4,54,3203,19,1.143052704,104.340178,2,65,0.9644,0,0,0,1,0,0,0,0,0,0,0,0,0,1,0,0,0,0,0,3287
1467,661,2,48,2340,17,0.030674847,1.433537832,0,34,0.9632,0,0,0,0,1,0,0,0,0,0,0,0,0,1,0,0,0,0,0,175
1468,557,2,57,3512,22,1.444822888,138.256812,0,67,0.9791,0,0,0,1,0,0,0,0,0,0,0,0,0,1,0,0,0,0,0,6316
1475,620,0,26,2546,13,0.235254237,6.484067797,0,51,0.9956,0,0,0,1,0,0,0,0,0,0,0,0,0,0,0,1,0,0,0,809
1482,204,2,55,2551,18,3.41902834,471.0053981,1,52,0.9258,0,0,0,1,0,0,0,0,0,0,0,0,0,0,0,1,0,0,0,20390
1485,232,2,45,2305,13,0.041750842,1.801346801,1,59,0.9312,0,1,0,0,0,0,0,0,0,0,0,0,0,0,0,1,0,0,0,108
1487,692,1,41,2483,10,0.041022192,0.965702757,1,63,0.9968,0,0,0,0,0,0,1,0,0,0,0,0,0,0,0,1,0,0,0,112
1489,999,2,58,2710,20,0.147078576,3.709200806,2,71,-0.9171,0,0,0,1,0,0,0,0,0,0,0,0,0,0,0,1,0,0,0,413
1496,1622,3,54,2404,15,0.323529412,15.36965241,1,43,0.9207,0,0,0,1,0,0,0,0,0,0,0,0,0,0,0,1,0,0,0,997
1503,444,3,37,2613,15,0.101796407,8.170991351,2,57,0.9835,0,0,0,1,0,0,0,0,0,0,0,0,0,0,0,1,0,0,0,662
1510,712,4,48,2509,16,1.904635762,162.2582781,1,50,0.9509,0,0,0,1,0,0,0,0,0,0,1,0,0,0,0,0,0,0,0,7747
1517,569,3,34,3207,22,2.286090969,358.8009229,1,74,0.9713,0,0,0,1,0,0,0,0,0,0,1,0,0,0,0,0,0,0,0,18425
1524,680,4,56,2193,21,0.082677165,4.037401575,1,46,0.9623,0,0,0,1,0,0,0,0,0,0,1,0,0,0,0,0,0,0,0,437
1531,343,4,21,2195,17,0.156760287,5.60548661,0,44,0.7882,0,0,0,1,0,0,0,0,0,0,1,0,0,0,0,0,0,0,0,392
1534,216,3,43,2154,23,0.166883963,5.127770535,2,52,0.7574,1,0,0,0,0,0,0,0,0,0,1,0,0,0,0,0,0,0,0,652
1537,777,4,26,1699,15,0.039037085,0.800260247,0,19,0.1027,0,0,0,0,1,0,0,0,0,0,0,0,0,0,1,0,0,0,0,108
1538,311,4,54,2592,24,0.338751625,35.66059818,1,42,0.9279,0,0,0,1,0,0,0,0,0,0,0,0,0,0,1,0,0,0,0,1164
1541,203,5,70,1752,17,0.115509409,2.670992862,0,22,0.1027,1,0,0,0,0,0,0,0,0,0,0,0,0,0,1,0,0,0,0,367
1543,485,1,27,1391,3,0.107582631,1.950745301,0,19,0.1027,0,0,0,0,0,1,0,0,0,0,0,0,0,0,1,0,0,0,0,298
1545,662,2,43,2370,22,2.803883495,347.0245955,1,55,0.6007,0,0,0,1,0,0,0,0,0,0,0,0,0,0,1,0,0,0,0,18575
1552,713,1,44,2442,17,0.783505155,68.98775773,1,53,-0.6124,0,0,0,1,0,0,0,0,0,0,0,0,0,0,1,0,0,0,0,4031
1559,173,2,60,1814,20,0.203976908,11.37908916,2,29,-0.977,0,0,0,1,0,0,0,0,0,0,0,0,0,0,1,0,0,0,0,1367
1565,637,4,22,2215,18,0.072204473,0.899041534,0,26,0.9981,0,0,0,0,1,0,0,0,0,0,0,0,0,0,1,0,0,0,0,151
1566,1170,2,43,2596,14,0.56385696,57.72094508,1,41,0.9437,0,0,0,1,0,0,0,0,0,0,0,0,0,0,1,0,0,0,0,2939
1573,612,3,41,2186,13,0.111888112,1.9179911,2,28,0.9863,0,0,0,1,0,0,0,0,1,0,0,0,0,0,0,0,0,0,0,192
1580,685,2,25,2118,14,0.130379747,3.85443038,0,33,0.9477,0,0,0,1,0,0,0,0,1,0,0,0,0,0,0,0,0,0,0,326
1587,423,3,41,2132,12,0.373030876,12.29804663,1,30,0.9231,0,0,0,1,0,0,0,0,1,0,0,0,0,0,0,0,0,0,0,1167
1594,452,2,32,2105,12,0.132998745,3.230865747,1,47,0.8149,0,0,0,1,0,0,0,0,1,0,0,0,0,0,0,0,0,0,0,367
1601,642,2,38,2775,14,0.223610244,5.388507183,1,49,0.9897,0,0,0,1,0,0,0,0,0,1,0,0,0,0,0,0,0,0,0,783
1608,438,3,32,1627,18,1.126243781,67.75062189,0,15,0.9569,0,0,0,1,0,0,0,0,0,1,0,0,0,0,0,0,0,0,0,6571
1616,384,2,34,1576,19,0.864480198,118.720297,0,17,0.68,0,0,1,0,0,0,0,0,0,1,0,0,0,0,0,0,0,0,0,5303
1623,412,2,41,1663,12,0.362908195,16.02464572,0,17,0.871,0,0,1,0,0,0,0,0,0,1,0,0,0,0,0,0,0,0,0,965
1637,417,4,55,1699,16,0.877214417,130.1734881,1,22,0.9112,0,0,1,0,0,0,0,1,0,0,0,0,0,0,0,0,0,0,0,7427
1644,302,1,31,1666,14,0.153892944,15.9270073,0,16,0.9112,0,0,1,0,0,0,0,1,0,0,0,0,0,0,0,0,0,0,0,1097
1651,591,4,42,2606,23,0.084797093,6.30284676,0,36,0.9925,0,0,1,0,0,0,0,1,0,0,0,0,0,0,0,0,0,0,0,510
1658,336,2,41,2589,15,0.225572979,16.06513872,0,39,0.9918,0,0,1,0,0,0,0,0,0,0,0,0,0,0,0,0,1,0,0,1116
1665,378,3,41,2682,16,0.16996997,20.89009009,0,42,0.9919,0,0,1,0,0,0,0,0,0,0,0,0,0,0,0,0,1,0,0,1244
1670,439,4,39,2530,13,0.036526946,2.479640719,1,35,0.9932,0,0,0,0,1,0,0,0,0,0,0,0,0,0,0,0,1,0,0,195
1672,468,3,36,2926,19,3.215909091,518.6477273,1,46,0.9932,0,0,1,0,0,0,0,0,0,0,0,0,0,0,0,0,1,0,0,29185
1679,572,2,38,2711,17,0.435378201,63.94580107,0,35,0.9917,0,0,1,0,0,0,0,0,0,0,0,0,0,0,0,0,1,0,0,2760
1686,458,3,37,2537,17,0.059311981,2.648873072,0,35,0.9915,0,0,1,0,0,0,0,0,0,0,0,0,0,0,0,0,1,0,0,251
1694,624,3,29,2709,25,0.366587957,37.76033058,0,37,0.9935,0,0,1,0,0,0,0,0,0,0,0,0,0,0,0,0,0,1,0,3246
1701,609,9,75,2511,23,0.050558495,2.949441505,1,35,0.9909,0,0,1,0,0,0,0,0,0,0,0,0,0,0,0,0,0,1,0,252
1708,179,3,29,3346,22,0.171545667,17.58079625,0,46,0.9958,0,0,1,0,0,0,0,0,0,0,0,0,0,0,0,0,0,1,0,1218
1709,916,7,41,2514,17,0.018139263,0.941486249,1,36,0.9926,0,1,0,0,0,0,0,0,0,0,0,0,0,0,0,0,0,1,0,110
1715,560,4,43,2472,20,0.089795918,3.96851312,1,35,0.9918,0,0,1,0,0,0,0,0,0,0,0,0,0,0,0,0,0,1,0,408
1722,390,3,38,2496,20,0.110336818,5.834494774,0,33,0.9937,0,0,1,0,0,0,0,0,0,0,0,0,0,0,0,0,0,0,1,514
1728,778,6,54,3069,26,0.037037037,4.441550926,0,40,0.9937,0,0,0,1,0,0,0,0,0,0,0,0,0,0,0,0,0,0,1,150
1729,867,4,33,3401,24,0.139386929,7.060150376,0,42,0.9947,0,0,1,0,0,0,0,0,0,0,0,0,0,0,0,0,0,0,1,546
1736,564,2,37,3118,24,0.198156682,10.71428571,0,41,0.9942,0,0,1,0,0,0,0,0,0,0,0,0,0,0,0,0,0,0,1,783
1743,551,3,48,3231,22,0.127940333,5.839931153,0,41,0.9934,0,0,1,0,0,0,0,0,0,0,0,0,0,0,0,0,0,0,1,535
1750,531,4,35,2509,22,0.637142857,42.66114286,0,33,0.9918,0,0,1,0,0,0,0,0,0,0,0,1,0,0,0,0,0,0,0,3288
1757,1324,3,30,3107,18,0.167899829,11.26863973,0,41,0.9947,0,0,1,0,0,0,0,0,0,0,0,1,0,0,0,0,0,0,0,973
1764,585,4,41,2437,21,0.048752834,0.554421769,0,36,0.9926,0,0,1,0,0,0,0,0,0,0,0,1,0,0,0,0,0,0,0,55
1771,458,5,73,2515,20,0.038396386,2.017504235,1,36,0.9961,0,0,1,0,0,0,0,0,0,0,0,1,0,0,0,0,0,0,0,121
1771,766,7,42,3081,24,0.138904574,12.40316206,0,41,0.9944,0,0,1,0,0,0,0,0,0,0,0,1,0,0,0,0,0,0,0,793
1774,477,6,76,3114,13,0.018038331,0.657271702,0,42,0.9936,0,0,0,0,0,0,1,0,0,0,0,1,0,0,0,0,0,0,0,91
1778,523,5,77,3149,19,0.297525309,21.35320585,0,40,0.9936,0,0,1,0,0,0,0,0,0,0,0,1,0,0,0,0,0,0,0,1212
1785,233,4,76,3016,22,0.035294118,1.076190476,1,39,0.9936,0,0,1,0,0,0,0,0,0,0,0,0,1,0,0,0,0,0,0,92
1792,220,8,67,2863,22,0.123325893,9.257254464,0,42,0.9919,0,0,1,0,0,0,0,0,0,0,0,0,1,0,0,0,0,0,0,612
1799,466,6,67,2843,25,0.051695386,3.967204002,2,45,0.9929,0,0,1,0,0,0,0,0,0,0,0,0,1,0,0,0,0,0,0,310
1811,429,0,25,2757,15,0.012147985,1.028161237,1,42,0.9886,0,0,0,0,1,0,0,0,0,0,0,0,0,1,0,0,0,0,0,91
1813,485,2,18,2901,19,0.084390513,11.38554881,1,46,0.9913,0,0,1,0,0,0,0,0,0,0,0,0,0,1,0,0,0,0,0,884
1820,370,3,21,2882,13,0.364285714,39.49505495,0,45,0.9899,0,0,1,0,0,0,0,0,0,0,0,0,0,1,0,0,0,0,0,2120
1827,404,3,51,2780,17,0.081007115,5.340996169,0,42,0.9889,0,0,1,0,0,0,0,0,0,0,0,0,0,1,0,0,0,0,0,611
1834,456,5,30,2905,18,0.127589967,10.79334787,1,49,0.9886,0,0,1,0,0,0,0,0,0,0,0,0,0,1,0,0,0,0,0,1206
1840,437,5,59,3077,23,0.033695652,2.156521739,0,53,0.9905,0,0,1,0,0,0,0,0,0,0,0,0,0,0,0,1,0,0,0,171
1862,410,7,72,2844,19,0.104189044,11.39312567,0,44,0.9888,0,0,1,0,0,0,0,0,0,0,0,0,0,0,0,1,0,0,0,817
1882,1754,7,61,2809,18,0.168437832,13.35281615,1,45,0.9899,0,0,1,0,0,0,0,0,0,0,1,0,0,0,0,0,0,0,0,906
1890,323,2,32,2671,15,0.012169312,0.734920635,0,42,0.9886,0,0,1,0,0,0,0,0,0,0,1,0,0,0,0,0,0,0,0,63
1897,516,4,74,2810,18,0.060622035,10.43753295,0,47,0.9889,0,0,1,0,0,0,0,0,0,0,1,0,0,0,0,0,0,0,0,425
1904,336,7,74,2889,19,0.119222689,15.65913866,0,50,0.9886,0,0,1,0,0,0,0,0,0,0,0,0,0,0,1,0,0,0,0,1242
1917,671,7,69,2778,16,0.193009911,27.18727178,0,44,0.9947,0,0,1,0,0,0,0,0,0,0,0,0,0,0,1,0,0,0,0,1533
1924,289,8,66,2803,14,0.272349272,25.4495842,1,46,0.9903,0,0,1,0,0,0,0,0,0,0,0,0,0,0,1,0,0,0,0,1758
1945,483,5,68,2744,15,0.137789203,14.25244216,1,44,0.9857,0,0,1,0,0,0,0,0,1,0,0,0,0,0,0,0,0,0,0,1053
1952,377,1,35,2775,18,0.068647541,11.34784836,0,47,0.9886,0,0,1,0,0,0,0,0,1,0,0,0,0,0,0,0,0,0,0,520
1959,253,5,69,2756,17,0.125574273,9.374170495,1,49,0.9902,0,0,1,0,0,0,0,0,1,0,0,0,0,0,0,0,0,0,0,603
1966,287,7,62,2726,20,0.109359105,6.195320448,0,43,0.9859,0,0,1,0,0,0,0,0,0,1,0,0,0,0,0,0,0,0,0,539
1980,316,2,60,3057,17,0.021717172,3.037373737,5,55,0.989,0,0,1,0,0,0,0,0,0,1,0,0,0,0,0,0,0,0,0,295
1987,253,4,48,2524,19,0.311524912,37.4308002,0,34,0.99,0,0,1,0,0,0,0,0,0,1,0,0,0,0,0,0,0,0,0,2477
1994,503,3,68,2736,16,0.045135406,5.518555667,0,44,0.9873,0,0,1,0,0,0,0,1,0,0,0,0,0,0,0,0,0,0,0,318
2008,155,6,82,2732,11,0.019422311,1.010956175,1,46,0.9896,0,0,1,0,0,0,0,1,0,0,0,0,0,0,0,0,0,0,0,139
2022,214,7,78,2675,12,0.028684471,2.854599407,4,47,0.9888,0,0,1,0,0,0,0,0,0,0,0,0,0,0,0,0,1,0,0,203
2029,380,8,66,2716,16,0.100542139,9.119270577,1,47,0.9869,0,0,1,0,0,0,0,0,0,0,0,0,0,0,0,0,1,0,0,636
2036,245,5,85,2797,11,0.069253438,5.046660118,1,48,0.9889,0,0,1,0,0,0,0,0,0,0,0,0,0,0,0,0,1,0,0,228
2050,391,5,69,2709,11,0.022926829,0.62195122,1,46,0.9886,0,0,1,0,0,0,0,0,0,0,0,0,0,0,0,0,1,0,0,48
2058,286,6,59,2764,15,0.059766764,0.905733722,1,45,0.9872,0,0,1,0,0,0,0,0,0,0,0,0,0,0,0,0,0,1,0,70
2065,339,4,33,2473,20,0.46440678,110.0687651,0,34,0.9928,0,0,1,0,0,0,0,0,0,0,0,0,0,0,0,0,0,1,0,1986
2072,266,6,77,2737,12,0.215250965,14.36969112,2,53,0.9901,0,0,1,0,0,0,0,0,0,0,0,0,0,0,0,0,0,1,0,993
2078,128,3,90,2700,13,0.02213667,1.060635226,2,48,0.9896,0,0,1,0,0,0,0,0,0,0,0,0,0,0,0,0,0,1,0,97
2086,152,6,64,2706,14,0.12991371,9.310642378,0,46,0.9898,0,0,1,0,0,0,0,0,0,0,0,0,0,0,0,0,0,0,1,415
2093,1156,6,72,2641,20,0.056378404,2.883420927,1,44,0.9895,0,0,1,0,0,0,0,0,0,0,0,0,0,0,0,0,0,0,1,188
2121,1783,1,43,2522,18,0.009429514,0.315888732,0,42,0.9911,0,0,1,0,0,0,0,0,0,0,0,1,0,0,0,0,0,0,0,25
2123,605,3,57,2623,23,0.009891663,0.384832784,0,42,0.9892,1,0,0,0,0,0,0,0,0,0,0,1,0,0,0,0,0,0,0,16
2142,1077,3,37,2540,22,0.007936508,0.388888889,0,42,0.9913,0,0,1,0,0,0,0,0,0,0,0,1,0,0,0,0,0,0,0,28
2144,203,1,39,2515,21,0.005130597,0.518190299,0,41,0.9908,1,0,0,0,0,0,0,0,0,0,0,1,0,0,0,0,0,0,0,34
2151,163,5,72,2566,15,0.053928405,5.990701999,1,46,0.9892,1,0,0,0,0,0,0,0,0,0,0,0,1,0,0,0,0,0,0,309
2154,127,2,67,2520,15,0.018570102,1.335190344,1,41,0.9895,0,0,0,0,1,0,0,0,0,0,0,0,1,0,0,0,0,0,0,92
2156,289,2,36,2513,14,0.006493506,0.335343228,0,46,0.9962,0,0,1,0,0,0,0,0,0,0,0,0,1,0,0,0,0,0,0,34
2163,112,2,65,2602,18,0.094775774,7.624133148,0,44,0.9892,0,0,1,0,0,0,0,0,0,0,0,0,1,0,0,0,0,0,0,751
2170,218,5,70,2572,12,0.244239631,13.47096774,0,43,0.9892,0,0,1,0,0,0,0,0,0,0,0,0,1,0,0,0,0,0,0,1235
2182,191,3,54,2909,20,0.056828598,9.610907424,0,44,0.9924,0,0,0,1,0,0,0,0,0,0,0,0,0,1,0,0,0,0,0,579
2191,322,6,64,2731,16,0.014148791,1.18804199,0,43,0.9923,0,0,1,0,0,0,0,0,0,0,0,0,0,1,0,0,0,0,0,115
2198,384,4,66,2053,19,0.028207461,1.41810737,1,37,0.9741,0,0,1,0,0,0,0,0,0,0,0,0,0,1,0,0,0,0,0,151
2211,157,3,42,2444,23,0.02351877,0.999547716,0,43,0.9901,0,0,0,1,0,0,0,0,0,0,0,0,0,0,0,1,0,0,0,137
2233,245,5,69,2622,17,0.016121809,2.4169279,1,43,0.9902,0,0,1,0,0,0,0,0,0,0,0,0,0,0,0,1,0,0,0,272
2239,187,3,63,2609,19,0.048682448,5.607860652,1,43,0.9894,0,0,0,1,0,0,0,0,0,0,1,0,0,0,0,0,0,0,0,456
2246,206,0,72,2518,20,0.018254675,2.022707035,2,42,0.9892,0,0,0,1,0,0,0,0,0,0,1,0,0,0,0,0,0,0,0,202
2252,241,4,70,2862,18,0.047957371,8.725133215,0,50,0.9915,0,0,0,0,1,0,0,0,0,0,1,0,0,0,0,0,0,0,0,617
2261,208,2,56,2566,18,0.012383901,0.411322424,2,46,0.9904,0,0,1,0,0,0,0,0,0,0,1,0,0,0,0,0,0,0,0,78
2275,185,4,41,2487,17,0.045274725,4.34021978,0,41,0.9867,0,0,1,0,0,0,0,0,0,0,0,0,0,0,1,0,0,0,0,342
2282,329,6,62,2489,18,0.118755478,6.618317266,0,42,0.9895,0,0,1,0,0,0,0,0,0,0,0,0,0,0,1,0,0,0,0,664
2288,233,3,50,2537,23,0.075174825,6.165646853,1,44,0.9892,0,0,0,1,0,0,0,0,0,0,0,0,0,0,1,0,0,0,0,384
2296,238,4,63,2564,17,0.038763066,1.49956446,2,45,0.9892,0,0,1,0,0,0,0,0,0,0,0,0,0,0,1,0,0,0,0,162
2302,260,2,59,2064,14,0.020417029,1.43570808,1,34,0.9678,0,0,1,0,0,0,0,0,1,0,0,0,0,0,0,0,0,0,0,165
2310,346,2,59,2064,17,0.038095238,3.670995671,0,34,0.9678,0,0,1,0,0,0,0,0,1,0,0,0,0,0,0,0,0,0,0,346
2317,496,4,57,2551,14,0.019853259,0.868795857,2,48,0.9892,0,0,1,0,0,0,0,0,1,0,0,0,0,0,0,0,0,0,0,96
2324,220,0,40,2500,7,0.155335628,28.53270224,0,36,0.9926,0,0,1,0,0,0,0,0,1,0,0,0,0,0,0,0,0,0,0,1910
2331,161,5,65,2543,18,0.039039039,2.791076791,0,48,0.9914,0,0,1,0,0,0,0,0,0,1,0,0,0,0,0,0,0,0,0,140
2345,170,2,77,2474,19,0.040511727,1.651172708,0,45,0.9919,0,0,1,0,0,0,0,0,0,1,0,0,0,0,0,0,0,0,0,180
2380,1047,1,35,2461,19,0.216386555,17.44201681,1,36,0.9918,0,0,1,0,0,0,0,1,0,0,0,0,0,0,0,0,0,0,0,636
2392,189,4,80,2481,20,0.015886288,2.237876254,1,43,0.9903,0,0,0,0,1,0,0,0,0,0,0,0,0,0,0,0,1,0,0,35
2415,235,3,54,2468,17,0.060455487,15.26956522,4,35,0.9909,0,0,1,0,0,0,0,0,0,0,0,0,0,0,0,0,1,0,0,579
2429,823,4,56,2391,19,0.149032524,20.94689172,0,31,0.992,0,0,1,0,0,0,0,0,0,0,0,0,0,0,0,0,0,1,0,1778
2441,209,2,58,2010,19,0.007374027,0.677591151,0,33,0.9785,0,0,0,0,1,0,0,0,0,0,0,0,0,0,0,0,0,1,0,19
2443,287,4,55,1965,18,0.013917315,1.961932051,1,35,0.9738,0,0,1,0,0,0,0,0,0,0,0,0,0,0,0,0,0,1,0,140
2458,466,5,68,1882,12,0.062652563,6.158665582,1,29,0.9678,0,1,0,0,0,0,0,0,0,0,0,0,0,0,0,0,0,0,1,250
2569,835,0,40,1733,6,0.004671078,1.590891397,0,25,0.9589,0,0,1,0,0,0,0,0,0,0,0,0,0,1,0,0,0,0,0,39
2642,164,0,35,151,2,0.002271007,0.290688872,0,2,0,0,0,0,0,0,1,0,0,0,0,0,0,0,0,1,0,0,0,0,26
2688,229,1,27,330,8,0.004464286,1.795386905,0,6,0.4404,0,0,1,0,0,0,0,0,1,0,0,0,0,0,0,0,0,0,0,135
2696,210,2,64,2442,17,0.055267062,15.00704748,0,32,0.9918,1,0,0,0,0,0,0,0,0,1,0,0,0,0,0,0,0,0,0,649
2718,193,2,27,1100,19,0.013612951,2.272626932,0,20,0.7269,1,0,0,0,0,0,0,0,0,1,0,0,0,0,0,0,0,0,0,245
2721,317,1,36,439,12,0.006982727,1.495038589,0,9,0.9422,0,0,0,1,0,0,0,0,0,1,0,0,0,0,0,0,0,0,0,138
3010,285,0,23,311,7,0.003322259,0.756478405,1,6,0.4767,0,1,0,0,0,0,0,0,0,0,0,0,0,0,1,0,0,0,0,75
3043,184,2,39,1873,10,0.047650345,5.27834374,0,29,0.9589,0,0,0,0,1,0,0,0,1,0,0,0,0,0,0,0,0,0,0,457
3054,263,1,22,256,7,0.006221349,0.91486575,1,5,0.8684,0,0,0,0,0,0,1,0,1,0,0,0,0,0,0,0,0,0,0,80
3061,221,2,72,2682,12,0.022214962,2.127736034,2,45,0.9902,0,0,0,0,0,0,1,0,0,1,0,0,0,0,0,0,0,0,0,172
3067,264,0,29,2434,12,0.104010434,18.34202804,0,34,0.9878,1,0,0,0,0,0,0,0,0,1,0,0,0,0,0,0,0,0,0,1346
3075,321,1,44,1816,11,0.054634146,3.939837398,1,28,0.9493,0,0,0,0,0,0,1,0,0,1,0,0,0,0,0,0,0,0,0,321
3082,288,0,51,2466,18,0.052887735,10.59409474,1,33,0.9909,0,0,0,0,0,0,1,0,0,1,0,0,0,0,0,0,0,0,0,745
3089,568,1,62,2448,18,0.058595015,8.960505018,0,32,0.992,0,0,0,0,0,0,1,1,0,0,0,0,0,0,0,0,0,0,0,790
3123,317,3,49,1823,19,0.006083894,1.847582453,1,27,0.9589,1,0,0,0,0,0,0,0,0,0,0,0,0,0,0,0,1,0,0,139
3243,55,2,79,2419,18,0.997224792,320.7631822,2,30,0.9914,0,0,0,0,0,0,1,0,0,0,0,0,1,0,0,0,0,0,0,13230
