days online,duration,tags in title,title length,description length,tag count,comment count/days online,times viewed/days online,title emoji count,description emoji count,VADER sentiment,Monday,Tuesday,Wednesday,Thursday,Friday,Saturday,Sunday,December,June,October,January,February,March,April,May,July,August,September,November,times liked
19,49.0,1,35,1129,4,3.1052631578947367,142.05263157894737,0,36,-0.7622,0.0,0.0,0.0,0.0,1.0,0.0,0.0,0,0,0,0,0,0,0,1,0,0,0,0,374
37,399.0,0,64,1278,6,2.5135135135135136,147.8918918918919,3,44,-0.8948,1.0,0.0,0.0,0.0,0.0,0.0,0.0,0,0,0,0,0,0,0,1,0,0,0,0,661
46,53.0,2,28,1111,6,2.108695652173913,118.08695652173913,0,36,-0.7989,0.0,0.0,0.0,0.0,1.0,0.0,0.0,0,0,0,0,0,0,1,0,0,0,0,0,629
74,277.0,1,23,1184,6,0.0,91.72972972972973,0,38,0.7236,0.0,0.0,0.0,0.0,0.0,1.0,0.0,0,0,0,0,0,0,1,0,0,0,0,0,1051
85,54.0,3,36,1444,9,1.2705882352941176,99.96470588235294,0,44,-0.8637,0.0,1.0,0.0,0.0,0.0,0.0,0.0,0,0,0,0,0,1,0,0,0,0,0,0,823
184,182.0,1,32,1117,8,1.6630434782608696,225.0163043478261,0,36,-0.8898,1.0,0.0,0.0,0.0,0.0,0.0,0.0,1,0,0,0,0,0,0,0,0,0,0,0,2892
213,40.0,1,17,1089,9,0.30985915492957744,31.12676056338028,0,36,-0.9054,0.0,0.0,0.0,0.0,0.0,0.0,1.0,0,0,0,0,0,0,0,0,0,0,0,1,539
220,273.0,1,18,1087,8,0.41818181818181815,55.46818181818182,0,36,-0.7622,0.0,0.0,0.0,0.0,0.0,0.0,1.0,0,0,0,0,0,0,0,0,0,0,0,1,948
230,308.0,2,31,1156,6,1.1434782608695653,49.65652173913043,1,40,-0.7815,0.0,0.0,0.0,1.0,0.0,0.0,0.0,0,0,1,0,0,0,0,0,0,0,0,0,1030
237,323.0,3,44,1031,13,0.8227848101265823,62.31645569620253,0,33,-0.7622,0.0,0.0,0.0,1.0,0.0,0.0,0.0,0,0,1,0,0,0,0,0,0,0,0,0,1154
244,317.0,2,24,1206,7,0.29918032786885246,26.225409836065573,0,42,-0.6544,0.0,0.0,0.0,1.0,0.0,0.0,0.0,0,0,1,0,0,0,0,0,0,0,0,0,628
257,26.0,1,41,1209,7,0.5447470817120622,53.01556420233463,1,40,-0.7815,0.0,0.0,0.0,0.0,1.0,0.0,0.0,0,0,1,0,0,0,0,0,0,0,0,0,1176
266,492.0,2,40,992,6,0.5263157894736842,29.24436090225564,0,34,-0.7622,0.0,1.0,0.0,0.0,0.0,0.0,0.0,0,0,0,0,0,0,0,0,0,0,1,0,650
277,41.0,2,20,1271,8,0.3140794223826715,26.32129963898917,0,41,0.4106,0.0,0.0,0.0,0.0,0.0,1.0,0.0,0,0,0,0,0,0,0,0,0,0,1,0,818
285,136.0,2,32,1131,6,1.6666666666666667,73.01754385964912,0,36,-0.7622,0.0,0.0,0.0,0.0,1.0,0.0,0.0,0,0,0,0,0,0,0,0,0,0,1,0,1890
306,39.0,1,57,1329,7,0.6372549019607843,45.970588235294116,0,36,-0.8577,0.0,0.0,0.0,0.0,1.0,0.0,0.0,0,0,0,0,0,0,0,0,0,1,0,0,1225
311,423.0,4,25,1252,24,0.909967845659164,39.41800643086817,0,38,-0.8736,0.0,0.0,0.0,0.0,0.0,0.0,1.0,0,0,0,0,0,0,0,0,0,1,0,0,1154
340,29.0,1,53,235,12,0.6205882352941177,21.591176470588234,0,1,0.5267,0.0,0.0,0.0,0.0,0.0,1.0,0.0,0,0,0,0,0,0,0,0,1,0,0,0,1045
369,334.0,3,15,1140,9,0.14905149051490515,13.010840108401084,0,40,-0.6544,0.0,0.0,0.0,0.0,1.0,0.0,0.0,0,1,0,0,0,0,0,0,0,0,0,0,341
383,31.0,1,20,1258,11,0.21409921671018275,26.652741514360315,0,38,-0.7622,0.0,0.0,0.0,0.0,1.0,0.0,0.0,0,0,0,0,0,0,0,1,0,0,0,0,743
397,421.0,2,35,1297,10,1.380352644836272,70.3425692695214,0,37,0.7059,0.0,0.0,0.0,0.0,1.0,0.0,0.0,0,0,0,0,0,0,0,1,0,0,0,0,2983
404,216.0,3,33,1224,12,0.6683168316831684,57.82920792079208,0,43,0.8796,0.0,0.0,0.0,0.0,1.0,0.0,0.0,0,0,0,0,0,0,0,1,0,0,0,0,2892
421,400.0,2,31,1239,8,2.5914489311163895,167.82660332541568,0,38,-0.7622,0.0,1.0,0.0,0.0,0.0,0.0,0.0,0,0,0,0,0,0,1,0,0,0,0,0,4899
431,1113.0,3,26,1172,12,1.060324825986079,52.60092807424594,0,35,-0.7622,0.0,0.0,0.0,0.0,0.0,1.0,0.0,0,0,0,0,0,0,1,0,0,0,0,0,1825
439,53.0,1,23,1384,13,0.0,28.485193621867882,0,39,0.8249,0.0,0.0,0.0,1.0,0.0,0.0,0.0,0,0,0,0,0,0,1,0,0,0,0,0,1541
467,1298.0,3,39,1186,14,0.5438972162740899,19.734475374732334,0,38,-0.7815,0.0,0.0,0.0,0.0,1.0,0.0,0.0,0,0,0,0,0,1,0,0,0,0,0,0,1054
488,1618.0,1,52,1057,10,1.8647540983606556,119.88934426229508,0,35,-0.7622,0.0,0.0,0.0,0.0,1.0,0.0,0.0,0,0,0,0,1,0,0,0,0,0,0,0,5276
495,54.0,1,66,1139,11,0.2787878787878788,21.046464646464646,0,35,-0.7622,0.0,0.0,0.0,0.0,1.0,0.0,0.0,0,0,0,0,1,0,0,0,0,0,0,0,966
523,1848.0,5,33,1418,15,0.11089866156787763,13.233269598470363,0,43,-0.3839,0.0,0.0,0.0,0.0,1.0,0.0,0.0,0,0,0,1,0,0,0,0,0,0,0,0,680
544,61.0,4,51,1253,13,0.6121323529411765,47.424632352941174,0,37,-0.7622,0.0,0.0,0.0,0.0,1.0,0.0,0.0,1,0,0,0,0,0,0,0,0,0,0,0,2155
565,252.0,3,38,1240,14,5.067256637168142,698.2300884955753,0,40,-0.4682,0.0,0.0,0.0,0.0,1.0,0.0,0.0,0,0,0,0,0,0,0,0,0,0,0,1,24919
586,408.0,3,17,1140,11,0.09556313993174062,5.578498293515358,0,38,-0.264,0.0,0.0,0.0,0.0,1.0,0.0,0.0,0,0,0,0,0,0,0,0,0,0,0,1,248
592,395.0,2,23,1058,12,1.3141891891891893,111.14020270270271,0,36,-0.7622,0.0,0.0,0.0,0.0,0.0,1.0,0.0,0,0,1,0,0,0,0,0,0,0,0,0,4847
606,476.0,2,19,1110,18,0.22112211221122113,31.752475247524753,0,38,-0.7622,0.0,0.0,0.0,0.0,0.0,1.0,0.0,0,0,1,0,0,0,0,0,0,0,0,0,1374
613,27.0,1,67,1234,10,0.12234910277324633,12.841761827079935,1,38,0.7319,0.0,0.0,0.0,0.0,0.0,1.0,0.0,0,0,1,0,0,0,0,0,0,0,0,0,679
619,16.0,3,26,1158,20,0.19224555735056542,38.1470113085622,0,39,-0.7989,0.0,0.0,0.0,0.0,0.0,0.0,1.0,0,0,1,0,0,0,0,0,0,0,0,0,1328
634,275.0,2,35,1133,14,0.1829652996845426,13.738170347003155,1,37,-0.8875,0.0,0.0,0.0,0.0,0.0,1.0,0.0,0,0,0,0,0,0,0,0,0,0,1,0,941
642,275.0,1,44,1155,13,0.05451713395638629,3.3551401869158877,0,36,-0.7622,0.0,0.0,0.0,0.0,1.0,0.0,0.0,0,0,0,0,0,0,0,0,0,0,1,0,224
653,281.0,3,32,1169,13,0.17457886676875958,19.238897396630936,0,37,0.8152,1.0,0.0,0.0,0.0,0.0,0.0,0.0,0,0,0,0,0,0,0,0,0,1,0,0,911
663,359.0,4,44,1075,11,0.43137254901960786,26.60633484162896,0,36,-0.7622,0.0,0.0,0.0,0.0,1.0,0.0,0.0,0,0,0,0,0,0,0,0,0,1,0,0,1455
670,47.0,2,40,1275,17,0.14328358208955225,19.780597014925373,0,40,-0.4106,0.0,0.0,0.0,0.0,1.0,0.0,0.0,0,0,0,0,0,0,0,0,0,1,0,0,1249
676,57.0,2,55,1176,10,0.6849112426035503,85.25443786982248,0,37,0.4869,0.0,0.0,0.0,0.0,0.0,1.0,0.0,0,0,0,0,0,0,0,0,0,1,0,0,2463
684,36.0,2,31,1076,9,0.36257309941520466,26.11842105263158,0,36,-0.7622,0.0,0.0,0.0,0.0,1.0,0.0,0.0,0,0,0,0,0,0,0,0,1,0,0,0,1202
690,642.0,2,26,1105,21,0.04492753623188406,2.0695652173913044,0,31,0.782,0.0,0.0,0.0,0.0,0.0,1.0,0.0,0,0,0,0,0,0,0,0,1,0,0,0,142
698,12.0,1,46,1071,12,0.669054441260745,73.91977077363897,0,31,0.4871,0.0,0.0,0.0,0.0,1.0,0.0,0.0,0,0,0,0,0,0,0,0,1,0,0,0,3029
704,354.0,0,51,1507,8,0.07528409090909091,9.181818181818182,0,48,0.9562,0.0,0.0,0.0,0.0,0.0,1.0,0.0,0,0,0,0,0,0,0,0,1,0,0,0,589
757,292.0,2,46,1183,17,0.034346103038309116,1.616908850726552,0,36,0.9163,0.0,1.0,0.0,0.0,0.0,0.0,0.0,0,0,0,0,0,0,0,1,0,0,0,0,135
760,9.0,3,33,1402,14,0.11842105263157894,13.085526315789474,0,38,0.954,0.0,0.0,0.0,0.0,1.0,0.0,0.0,0,0,0,0,0,0,0,1,0,0,0,0,862
768,10.0,3,52,1165,15,0.028645833333333332,3.88671875,0,37,-0.7622,0.0,0.0,0.0,0.0,1.0,0.0,0.0,0,0,0,0,0,0,0,1,0,0,0,0,217
774,7.0,2,37,1133,18,1.330749354005168,227.5826873385013,0,36,0.5792,0.0,0.0,0.0,0.0,0.0,1.0,0.0,0,0,0,0,0,0,0,1,0,0,0,0,9157
782,40.0,2,26,1288,12,0.06265984654731457,5.845268542199489,0,35,0.9128,0.0,0.0,0.0,0.0,1.0,0.0,0.0,0,0,0,0,0,0,1,0,0,0,0,0,331
796,266.0,1,37,1120,16,0.135678391959799,21.712311557788944,0,33,0.4871,0.0,0.0,0.0,0.0,1.0,0.0,0.0,0,0,0,0,0,0,1,0,0,0,0,0,1104
804,17.0,1,21,1247,14,0.0,5.022388059701493,0,37,0.9614,0.0,0.0,0.0,1.0,0.0,0.0,0.0,0,0,0,0,0,0,1,0,0,0,0,0,324
810,355.0,4,39,1210,12,0.025925925925925925,2.577777777777778,0,35,0.8089,0.0,0.0,0.0,0.0,1.0,0.0,0.0,0,0,0,0,0,1,0,0,0,0,0,0,149
817,16.0,1,49,1191,12,0.042839657282741736,4.776009791921664,1,36,0.8284,0.0,0.0,0.0,0.0,1.0,0.0,0.0,0,0,0,0,0,1,0,0,0,0,0,0,387
825,8.0,1,49,1201,15,0.02303030303030303,3.595151515151515,0,35,0.4815,0.0,0.0,0.0,1.0,0.0,0.0,0.0,0,0,0,0,0,1,0,0,0,0,0,0,179
831,18.0,2,56,1248,25,0.0457280385078219,5.003610108303249,0,36,0.7374,0.0,0.0,0.0,0.0,1.0,0.0,0.0,0,0,0,0,0,1,0,0,0,0,0,0,296
838,297.0,1,41,1236,19,0.041766109785202864,7.782816229116945,0,33,0.8329,0.0,0.0,0.0,0.0,1.0,0.0,0.0,0,0,0,0,1,0,0,0,0,0,0,0,469
844,16.0,1,27,1182,12,0.02132701421800948,3.4822274881516586,0,33,0.6517,0.0,0.0,0.0,0.0,0.0,1.0,0.0,0,0,0,0,1,0,0,0,0,0,0,0,209
848,290.0,1,43,1235,14,0.0330188679245283,3.2275943396226414,0,34,0.8664,0.0,1.0,0.0,0.0,0.0,0.0,0.0,0,0,0,0,1,0,0,0,0,0,0,0,181
859,354.0,4,39,1194,10,0.046565774155995346,4.30151338766007,0,34,0.8253,0.0,0.0,0.0,0.0,1.0,0.0,0.0,0,0,0,0,1,0,0,0,0,0,0,0,258
866,1165.0,3,34,1156,13,0.11085450346420324,8.209006928406467,0,30,0.932,0.0,0.0,0.0,0.0,1.0,0.0,0.0,0,0,0,1,0,0,0,0,0,0,0,0,765
880,373.0,1,41,1187,9,0.2806818181818182,27.348863636363635,0,32,0.4871,0.0,0.0,0.0,0.0,1.0,0.0,0.0,0,0,0,1,0,0,0,0,0,0,0,0,1452
884,13.0,2,21,1141,11,0.021493212669683258,1.489819004524887,0,33,0.6868,1.0,0.0,0.0,0.0,0.0,0.0,0.0,0,0,0,1,0,0,0,0,0,0,0,0,102
896,231.0,4,22,1279,12,0.0,1.1819196428571428,0,38,0.8765,0.0,0.0,1.0,0.0,0.0,0.0,0.0,0,0,0,1,0,0,0,0,0,0,0,0,88
899,308.0,1,44,2505,12,0.0,1.2647385984427142,0,66,0.9906,0.0,0.0,0.0,0.0,0.0,0.0,1.0,1,0,0,0,0,0,0,0,0,0,0,0,126
906,311.0,2,27,1235,19,0.03421633554083885,10.821192052980132,0,35,0.8176,0.0,0.0,0.0,0.0,0.0,0.0,1.0,1,0,0,0,0,0,0,0,0,0,0,0,211
915,323.0,1,21,1167,20,0.15300546448087432,23.42622950819672,0,33,0.6072,0.0,0.0,0.0,0.0,1.0,0.0,0.0,1,0,0,0,0,0,0,0,0,0,0,0,1264
922,416.0,2,47,1138,16,0.019522776572668113,3.4132321041214753,0,34,0.4871,0.0,0.0,0.0,0.0,1.0,0.0,0.0,1,0,0,0,0,0,0,0,0,0,0,0,201
930,15.0,2,57,1130,10,0.02258064516129032,2.1473118279569894,0,32,0.4871,0.0,0.0,0.0,1.0,0.0,0.0,0.0,0,0,0,0,0,0,0,0,0,0,0,1,142
937,297.0,1,60,1239,18,0.0192102454642476,2.0928495197438632,0,36,0.8289,0.0,0.0,0.0,1.0,0.0,0.0,0.0,0,0,0,0,0,0,0,0,0,0,0,1,148
955,939.0,3,71,1307,18,0.0774869109947644,9.404188481675392,2,41,0.6169,0.0,0.0,0.0,0.0,0.0,0.0,1.0,0,0,0,0,0,0,0,0,0,0,0,1,604
965,406.0,2,38,1333,15,0.031088082901554404,3.572020725388601,0,34,0.9069,0.0,0.0,0.0,1.0,0.0,0.0,0.0,0,0,1,0,0,0,0,0,0,0,0,0,271
971,371.0,3,34,1326,13,0.12976313079299692,10.200823892893924,0,37,0.7655,0.0,0.0,0.0,0.0,1.0,0.0,0.0,0,0,1,0,0,0,0,0,0,0,0,0,680
978,151.0,1,34,1351,9,0.024539877300613498,7.248466257668712,0,33,0.9472,0.0,0.0,0.0,0.0,1.0,0.0,0.0,0,0,1,0,0,0,0,0,0,0,0,0,377
985,466.0,6,36,1312,16,0.03959390862944162,14.241624365482233,0,34,0.9634,0.0,0.0,0.0,0.0,1.0,0.0,0.0,0,0,1,0,0,0,0,0,0,0,0,0,478
993,475.0,2,55,1655,24,0.012084592145015106,1.7401812688821752,0,40,0.8922,0.0,0.0,0.0,1.0,0.0,0.0,0.0,0,0,0,0,0,0,0,0,0,0,1,0,83
1007,378.0,6,28,1463,18,0.009930486593843098,1.9493545183714003,0,33,0.8101,0.0,0.0,0.0,1.0,0.0,0.0,0.0,0,0,0,0,0,0,0,0,0,0,1,0,60
1014,377.0,2,21,1322,17,0.05719921104536489,5.2465483234714005,0,30,-0.8205,0.0,0.0,0.0,1.0,0.0,0.0,0.0,0,0,0,0,0,0,0,0,0,0,1,0,480
1021,27.0,0,37,1483,22,0.019588638589618023,1.7766895200783546,0,34,0.9056,0.0,0.0,0.0,1.0,0.0,0.0,0.0,0,0,0,0,0,0,0,0,0,1,0,0,167
1028,54.0,3,25,1295,14,0.019455252918287938,1.0544747081712063,0,31,0.6544,0.0,0.0,0.0,1.0,0.0,0.0,0.0,0,0,0,0,0,0,0,0,0,1,0,0,97
1033,623.0,4,19,1475,19,0.03388189738625363,4.108422071636012,0,36,0.7222,0.0,0.0,0.0,0.0,0.0,1.0,0.0,0,0,0,0,0,0,0,0,0,1,0,0,298
1041,44.0,2,37,1244,12,0.06532180595581172,14.263208453410183,1,32,0.6072,0.0,0.0,0.0,0.0,1.0,0.0,0.0,0,0,0,0,0,0,0,0,0,1,0,0,537
1049,347.0,2,33,1205,24,0.0,3.7483317445185893,0,30,0.4871,0.0,0.0,0.0,1.0,0.0,0.0,0.0,0,0,0,0,0,0,0,0,0,1,0,0,202
1055,44.0,4,25,1206,15,0.055924170616113746,1.9677725118483411,0,31,0.4871,0.0,0.0,0.0,0.0,1.0,0.0,0.0,0,0,0,0,0,0,0,0,1,0,0,0,176
1062,33.0,2,31,1106,7,0.3606403013182674,33.433145009416194,0,36,-0.7622,0.0,0.0,0.0,0.0,1.0,0.0,0.0,0,0,0,0,0,0,0,0,1,0,0,0,2033
1069,338.0,3,49,1200,16,0.06361085126286249,24.997193638914872,1,30,0.4871,0.0,0.0,0.0,0.0,1.0,0.0,0.0,0,0,0,0,0,0,0,0,1,0,0,0,627
1076,285.0,1,49,1166,20,0.23977695167286245,91.50557620817844,0,41,-0.3058,0.0,0.0,0.0,0.0,1.0,0.0,0.0,0,0,0,0,0,0,0,0,1,0,0,0,3862
1083,583.0,1,49,1248,19,0.04709141274238227,1.6869806094182827,3,32,0.5349,0.0,0.0,0.0,0.0,1.0,0.0,0.0,0,1,0,0,0,0,0,0,0,0,0,0,138
1090,530.0,1,18,1226,23,0.04036697247706422,12.869724770642202,0,32,0.4871,0.0,0.0,0.0,0.0,1.0,0.0,0.0,0,1,0,0,0,0,0,0,0,0,0,0,592
1093,475.0,0,24,1168,14,0.07502287282708142,7.479414455626715,1,30,0.4871,0.0,1.0,0.0,0.0,0.0,0.0,0.0,0,1,0,0,0,0,0,0,0,0,0,0,485
1097,497.0,6,31,1208,20,0.014585232452142206,2.861440291704649,0,31,0.4871,0.0,0.0,0.0,0.0,1.0,0.0,0.0,0,1,0,0,0,0,0,0,0,0,0,0,170
1105,328.0,1,41,1106,19,0.13846153846153847,35.290497737556564,3,36,-0.7622,0.0,0.0,0.0,1.0,0.0,0.0,0.0,0,1,0,0,0,0,0,0,0,0,0,0,2043
1111,495.0,1,33,1137,17,0.09720972097209721,15.886588658865886,0,31,0.594,0.0,0.0,0.0,0.0,1.0,0.0,0.0,0,0,0,0,0,0,0,1,0,0,0,0,1268
1121,16.0,5,53,1107,21,0.06155218554861731,8.76092774308653,1,39,0.8249,0.0,1.0,0.0,0.0,0.0,0.0,0.0,0,0,0,0,0,0,0,1,0,0,0,0,549
1125,489.0,3,30,979,18,0.029333333333333333,3.7813333333333334,0,27,0.4871,0.0,0.0,0.0,0.0,1.0,0.0,0.0,0,0,0,0,0,0,0,1,0,0,0,0,254
1129,26.0,3,51,1214,26,0.015943312666076175,1.0026572187776794,2,32,0.7323,1.0,0.0,0.0,0.0,0.0,0.0,0.0,0,0,0,0,0,0,0,1,0,0,0,0,77
1132,475.0,4,53,1111,26,0.014134275618374558,1.3454063604240283,0,32,0.8044,0.0,0.0,0.0,0.0,1.0,0.0,0.0,0,0,0,0,0,0,0,1,0,0,0,0,103
1136,481.0,3,40,1097,23,0.19806338028169015,27.871478873239436,0,37,-0.7815,1.0,0.0,0.0,0.0,0.0,0.0,0.0,0,0,0,0,0,0,0,1,0,0,0,0,1792
1140,376.0,3,25,978,19,0.24649122807017543,38.719298245614034,0,27,0.7393,0.0,0.0,0.0,1.0,0.0,0.0,0.0,0,0,0,0,0,0,0,1,0,0,0,0,2075
1146,41.0,4,55,1010,19,0.02617801047120419,1.943280977312391,1,29,0.3907,0.0,0.0,0.0,0.0,1.0,0.0,0.0,0,0,0,0,0,0,1,0,0,0,0,0,175
1149,2365.0,2,81,962,12,0.04612706701479547,3.7624020887728458,0,29,-0.3527,0.0,1.0,0.0,0.0,0.0,0.0,0.0,0,0,0,0,0,0,1,0,0,0,0,0,283
1156,372.0,2,26,906,22,0.21626297577854672,20.275951557093425,0,27,0.4871,0.0,1.0,0.0,0.0,0.0,0.0,0.0,0,0,0,0,0,0,1,0,0,0,0,0,1711
1160,475.0,1,37,958,25,0.01896551724137931,1.2543103448275863,0,28,0.4871,0.0,0.0,0.0,0.0,1.0,0.0,0.0,0,0,0,0,0,0,1,0,0,0,0,0,112
1170,434.0,1,21,1130,20,0.0,2.960683760683761,0,39,0.9219,0.0,1.0,0.0,0.0,0.0,0.0,0.0,0,0,0,0,0,0,1,0,0,0,0,0,216
1173,10.0,4,35,956,18,0.014492753623188406,1.434782608695652,1,29,0.6189,0.0,0.0,0.0,0.0,0.0,1.0,0.0,0,0,0,0,0,1,0,0,0,0,0,0,116
1181,15.0,4,51,993,22,0.0279424216765453,4.176121930567316,0,30,0.8156,0.0,0.0,0.0,0.0,1.0,0.0,0.0,0,0,0,0,0,1,0,0,0,0,0,0,226
1188,15.0,4,20,1161,28,0.018518518518518517,5.145622895622895,0,32,0.9514,0.0,0.0,0.0,0.0,1.0,0.0,0.0,0,0,0,0,0,1,0,0,0,0,0,0,188
1191,456.0,3,24,905,24,0.6842989084802686,78.1217464315701,0,28,0.5349,0.0,1.0,0.0,0.0,0.0,0.0,0.0,0,0,0,0,0,1,0,0,0,0,0,0,4872
1195,366.0,3,43,944,20,0.023430962343096235,5.101255230125523,0,27,0.7059,0.0,0.0,0.0,0.0,1.0,0.0,0.0,0,0,0,0,0,1,0,0,0,0,0,0,387
1198,497.0,4,41,1036,23,0.1001669449081803,18.57762938230384,0,29,0.5803,0.0,1.0,0.0,0.0,0.0,0.0,0.0,0,0,0,0,0,1,0,0,0,0,0,0,1372
1202,56.0,5,31,866,27,0.008319467554076539,1.2579034941763727,0,27,0.4871,0.0,0.0,0.0,0.0,1.0,0.0,0.0,0,0,0,0,0,1,0,0,0,0,0,0,68
1209,493.0,1,39,1007,14,0.0,21.463192721257236,0,30,0.5349,0.0,0.0,0.0,0.0,1.0,0.0,0.0,0,0,0,0,1,0,0,0,0,0,0,0,1955
1212,415.0,3,30,1012,23,0.23102310231023102,58.12953795379538,0,30,0.5362,0.0,1.0,0.0,0.0,0.0,0.0,0.0,0,0,0,0,1,0,0,0,0,0,0,0,3373
1226,263.0,3,55,966,20,0.0,1.2854812398042414,2,27,0.4137,0.0,1.0,0.0,0.0,0.0,0.0,0.0,0,0,0,0,1,0,0,0,0,0,0,0,126
1230,488.0,4,22,968,25,0.0,1.613821138211382,0,30,0.4871,0.0,0.0,0.0,0.0,1.0,0.0,0.0,0,0,0,0,1,0,0,0,0,0,0,0,119
1233,340.0,5,24,983,24,0.019464720194647202,1.754257907542579,0,28,0.8823,0.0,1.0,0.0,0.0,0.0,0.0,0.0,0,0,0,1,0,0,0,0,0,0,0,0,115
1237,48.0,3,51,902,15,0.046079223928860144,9.27728375101051,0,27,0.4871,0.0,0.0,0.0,0.0,1.0,0.0,0.0,0,0,0,1,0,0,0,0,0,0,0,0,685
1244,472.0,2,16,1001,13,0.0,1.6133440514469453,0,25,0.6868,0.0,0.0,0.0,0.0,1.0,0.0,0.0,0,0,0,1,0,0,0,0,0,0,0,0,108
1251,510.0,3,16,950,13,0.008792965627498001,0.7074340527577938,0,26,0.4871,0.0,0.0,0.0,0.0,1.0,0.0,0.0,0,0,0,1,0,0,0,0,0,0,0,0,48
1258,433.0,0,33,939,22,0.007154213036565978,0.4300476947535771,1,25,0.9344,0.0,0.0,0.0,0.0,1.0,0.0,0.0,0,0,0,1,0,0,0,0,0,0,0,0,63
1262,505.0,4,21,707,23,0.017432646592709985,1.5388272583201268,0,16,-0.5204,1.0,0.0,0.0,0.0,0.0,0.0,0.0,1,0,0,0,0,0,0,0,0,0,0,0,100
1264,536.0,2,33,657,17,0.013449367088607595,0.9912974683544303,0,15,-0.5027,0.0,0.0,0.0,0.0,0.0,1.0,0.0,1,0,0,0,0,0,0,0,0,0,0,0,108
1271,398.0,3,35,770,15,0.020456333595594022,1.7702596380802518,2,19,0.676,0.0,0.0,0.0,0.0,0.0,1.0,0.0,1,0,0,0,0,0,0,0,0,0,0,0,122
1274,386.0,2,23,1273,21,0.019623233908948195,4.521978021978022,1,29,0.9599,0.0,0.0,1.0,0.0,0.0,0.0,0.0,1,0,0,0,0,0,0,0,0,0,0,0,239
1279,464.0,2,31,905,15,0.033620015637216574,3.867083659108679,0,25,0.4871,0.0,0.0,0.0,0.0,1.0,0.0,0.0,1,0,0,0,0,0,0,0,0,0,0,0,307
1286,475.0,6,54,1099,17,0.016329704510108865,1.4292379471228616,1,28,0.9605,0.0,0.0,0.0,0.0,1.0,0.0,0.0,1,0,0,0,0,0,0,0,0,0,0,0,156
1290,16.0,5,35,1055,19,0.018604651162790697,0.9589147286821705,2,28,0.9353,1.0,0.0,0.0,0.0,0.0,0.0,0.0,1,0,0,0,0,0,0,0,0,0,0,0,73
1301,495.0,10,39,1013,19,0.03151421983089931,4.145272867025365,0,27,0.4871,0.0,0.0,0.0,1.0,0.0,0.0,0.0,0,0,0,0,0,0,0,0,0,0,0,1,401
1307,470.0,5,28,937,20,0.019892884468247895,4.162968630451416,0,25,-0.3939,0.0,0.0,0.0,0.0,1.0,0.0,0.0,0,0,0,0,0,0,0,0,0,0,0,1,272
1321,15.0,4,26,780,22,0.012112036336109008,0.46328538985616957,0,17,0.9319,0.0,0.0,0.0,0.0,1.0,0.0,0.0,0,0,0,0,0,0,0,0,0,0,0,1,53
1328,490.0,1,27,883,12,0.012048192771084338,1.4992469879518073,0,23,0.5327,0.0,0.0,0.0,0.0,1.0,0.0,0.0,0,0,1,0,0,0,0,0,0,0,0,0,153
1336,543.0,1,32,677,17,0.012724550898203593,0.593562874251497,0,18,0.4501,0.0,0.0,0.0,1.0,0.0,0.0,0.0,0,0,1,0,0,0,0,0,0,0,0,0,51
1342,542.0,5,22,741,20,0.010432190760059613,2.747391952309985,0,19,0.8767,0.0,0.0,0.0,0.0,1.0,0.0,0.0,0,0,1,0,0,0,0,0,0,0,0,0,192
1349,514.0,8,31,1176,17,0.033358042994810974,2.061527057079318,0,26,0.9479,0.0,0.0,0.0,0.0,1.0,0.0,0.0,0,0,1,0,0,0,0,0,0,0,0,0,161
1358,465.0,2,29,788,11,0.013991163475699559,2.0427098674521353,0,16,-0.5027,0.0,0.0,1.0,0.0,0.0,0.0,0.0,0,0,0,0,0,0,0,0,0,0,1,0,167
1372,16.0,5,42,769,13,0.07798833819241982,9.981049562682216,0,20,-0.549,0.0,0.0,1.0,0.0,0.0,0.0,0.0,0,0,0,0,0,0,0,0,0,0,1,0,816
1385,577.0,3,27,754,17,0.01444043321299639,0.4714801444043321,0,19,-0.4515,0.0,0.0,0.0,1.0,0.0,0.0,0.0,0,0,0,0,0,0,0,0,0,1,0,0,53
1394,492.0,7,40,864,14,0.011477761836441894,0.9835007173601148,0,20,0.8085,0.0,1.0,0.0,0.0,0.0,0.0,0.0,0,0,0,0,0,0,0,0,0,1,0,0,102
1404,346.0,2,29,872,9,0.021367521367521368,1.5242165242165242,0,16,0.884,0.0,0.0,0.0,0.0,0.0,1.0,0.0,0,0,0,0,0,0,0,0,0,1,0,0,168
1414,35.0,5,28,809,24,0.013437057991513438,0.7531824611032532,0,18,0.9584,0.0,0.0,1.0,0.0,0.0,0.0,0.0,0,0,0,0,0,0,0,0,0,1,0,0,73
1422,493.0,6,31,659,19,0.02531645569620253,2.258087201125176,0,15,-0.4515,0.0,1.0,0.0,0.0,0.0,0.0,0.0,0,0,0,0,0,0,0,0,1,0,0,0,204
1429,456.0,6,34,646,18,0.016794961511546535,1.0342897130860742,0,17,-0.4515,0.0,1.0,0.0,0.0,0.0,0.0,0.0,0,0,0,0,0,0,0,0,1,0,0,0,112
1433,1176.0,4,19,1083,20,0.267271458478716,130.115840893231,0,36,-0.3313,0.0,0.0,0.0,0.0,1.0,0.0,0.0,0,0,0,0,0,0,0,0,1,0,0,0,3366
1447,1364.0,3,36,836,27,0.04008293020041465,4.2626123013130615,0,16,-0.644,0.0,0.0,0.0,0.0,1.0,0.0,0.0,0,1,0,0,0,0,0,0,0,0,0,0,398
1453,559.0,3,40,677,28,0.016517549896765314,2.5760495526496903,0,15,-0.4515,0.0,0.0,0.0,0.0,0.0,1.0,0.0,0,1,0,0,0,0,0,0,0,0,0,0,182
1457,569.0,4,32,1194,23,0.05284831846259437,45.8716540837337,0,37,-0.7622,0.0,1.0,0.0,0.0,0.0,0.0,0.0,0,1,0,0,0,0,0,0,0,0,0,0,1406
1464,713.0,2,45,774,13,0.03961748633879782,19.066939890710383,0,15,-0.3094,0.0,1.0,0.0,0.0,0.0,0.0,0.0,0,1,0,0,0,0,0,0,0,0,0,0,1056
1468,664.0,0,23,833,16,0.01226158038147139,1.2677111716621254,0,21,-0.9489,0.0,0.0,0.0,0.0,1.0,0.0,0.0,0,1,0,0,0,0,0,0,0,0,0,0,122
1475,503.0,4,31,674,21,0.015593220338983051,1.2366101694915255,0,17,-0.3527,0.0,0.0,0.0,0.0,1.0,0.0,0.0,0,1,0,0,0,0,0,0,0,0,0,0,151
1483,440.0,7,21,734,19,0.008091706001348618,0.5158462575859744,0,17,0.4667,0.0,0.0,0.0,1.0,0.0,0.0,0.0,0,0,0,0,0,0,0,1,0,0,0,0,70
1490,384.0,5,50,1074,19,0.0,0.9570469798657718,0,23,0.7872,0.0,0.0,0.0,1.0,0.0,0.0,0.0,0,0,0,0,0,0,0,1,0,0,0,0,104
1499,2367.0,0,33,780,9,0.032021347565043365,9.515010006671114,0,19,0.8784,0.0,1.0,0.0,0.0,0.0,0.0,0.0,0,0,0,0,0,0,0,1,0,0,0,0,718
1506,1066.0,1,14,660,15,0.04050464807436919,5.317397078353253,0,16,0.8645,0.0,1.0,0.0,0.0,0.0,0.0,0.0,0,0,0,0,0,0,0,1,0,0,0,0,457
1512,623.0,4,36,788,14,0.012566137566137565,4.564814814814815,0,23,0.6747,0.0,0.0,1.0,0.0,0.0,0.0,0.0,0,0,0,0,0,0,1,0,0,0,0,0,369
1520,16.0,1,49,766,15,0.1006578947368421,17.513815789473686,0,17,-0.4696,0.0,1.0,0.0,0.0,0.0,0.0,0.0,0,0,0,0,0,0,1,0,0,0,0,0,1669
1527,513.0,2,32,718,19,0.015062213490504257,2.045841519318926,0,19,0.8645,0.0,1.0,0.0,0.0,0.0,0.0,0.0,0,0,0,0,0,0,1,0,0,0,0,0,186
1536,311.0,3,68,646,11,0.0,1.1868489583333333,0,15,0.4137,0.0,0.0,0.0,0.0,0.0,0.0,1.0,0,0,0,0,0,0,1,0,0,0,0,0,137
1544,648.0,8,60,825,21,0.008419689119170985,1.9099740932642486,0,15,-0.8053,0.0,0.0,0.0,0.0,0.0,1.0,0.0,0,0,0,0,0,1,0,0,0,0,0,0,95
1552,552.0,3,31,620,20,0.00902061855670103,0.7654639175257731,0,15,-0.4515,0.0,0.0,0.0,0.0,1.0,0.0,0.0,0,0,0,0,0,1,0,0,0,0,0,0,65
1559,554.0,1,40,782,28,0.013470173187940988,1.3822963438101348,0,16,0.8924,0.0,0.0,0.0,0.0,1.0,0.0,0.0,0,0,0,0,0,1,0,0,0,0,0,0,135
1561,16.0,3,51,736,19,0.010890454836643177,0.8782831518257527,0,18,-0.6968,0.0,0.0,1.0,0.0,0.0,0.0,0.0,0,0,0,0,0,1,0,0,0,0,0,0,99
1566,481.0,2,34,1379,19,0.028735632183908046,12.107918263090676,0,31,0.9599,0.0,0.0,0.0,0.0,1.0,0.0,0.0,0,0,0,0,0,1,0,0,0,0,0,0,519
1573,512.0,6,48,996,13,0.008900190718372537,0.5874125874125874,0,25,-0.7554,0.0,0.0,0.0,0.0,1.0,0.0,0.0,0,0,0,0,1,0,0,0,0,0,0,0,83
1574,93.0,3,32,820,7,0.0,0.5298602287166455,0,18,-0.4515,0.0,0.0,0.0,1.0,0.0,0.0,0.0,0,0,0,0,1,0,0,0,0,0,0,0,70
1581,429.0,3,60,730,17,0.0,0.6407337128399747,0,17,0.5192,0.0,0.0,0.0,1.0,0.0,0.0,0.0,0,0,0,0,1,0,0,0,0,0,0,0,49
1589,4.0,1,42,786,13,0.039647577092511016,10.44115796098175,2,19,0.9664,0.0,0.0,1.0,0.0,0.0,0.0,0.0,0,0,0,0,1,0,0,0,0,0,0,0,778
1608,371.0,2,34,648,15,0.05099502487562189,12.350746268656716,0,19,0.891,0.0,0.0,0.0,1.0,0.0,0.0,0.0,0,0,0,1,0,0,0,0,0,0,0,0,894
1620,619.0,4,69,734,16,0.0,2.6944444444444446,2,20,0.924,0.0,0.0,0.0,0.0,0.0,0.0,1.0,0,0,0,1,0,0,0,0,0,0,0,0,126
1627,528.0,1,4,2466,11,0.006760909649661954,0.3534111862323294,0,54,0.997,0.0,0.0,0.0,0.0,0.0,1.0,0.0,1,0,0,0,0,0,0,0,0,0,0,0,58
1631,22.0,3,56,471,5,0.014101778050275904,2.1943592887798897,2,15,0.0,0.0,0.0,1.0,0.0,0.0,0.0,0.0,1,0,0,0,0,0,0,0,0,0,0,0,173
1635,574.0,0,44,637,4,0.0061162079510703364,1.4483180428134557,0,21,0.4276,0.0,0.0,0.0,0.0,0.0,1.0,0.0,1,0,0,0,0,0,0,0,0,0,0,0,151
1639,509.0,2,30,529,8,0.013422818791946308,1.1519219035997559,0,16,0.6946,0.0,1.0,0.0,0.0,0.0,0.0,0.0,1,0,0,0,0,0,0,0,0,0,0,0,148
1646,518.0,2,35,698,18,0.016403402187120292,5.1166464155528555,0,24,0.6015,0.0,1.0,0.0,0.0,0.0,0.0,0.0,1,0,0,0,0,0,0,0,0,0,0,0,355
1653,483.0,1,66,1018,17,0.009074410163339383,3.192377495462795,2,23,0.9815,0.0,1.0,0.0,0.0,0.0,0.0,0.0,1,0,0,0,0,0,0,0,0,0,0,0,295
1656,516.0,4,70,737,15,0.004830917874396135,1.7409420289855073,1,15,0.0,0.0,0.0,0.0,0.0,0.0,1.0,0.0,1,0,0,0,0,0,0,0,0,0,0,0,119
1657,581.0,4,72,738,17,0.010863005431502716,3.7543753771876887,1,16,0.0,0.0,0.0,0.0,0.0,1.0,0.0,0.0,1,0,0,0,0,0,0,0,0,0,0,0,255
1666,1809.0,0,21,1569,18,0.001800720288115246,0.3415366146458583,0,46,0.9865,0.0,0.0,1.0,0.0,0.0,0.0,0.0,0,0,0,0,0,0,0,0,0,0,0,1,38
1679,751.0,6,38,786,10,0.004169148302561048,0.6944609886837403,0,15,-0.3624,0.0,0.0,0.0,1.0,0.0,0.0,0.0,0,0,0,0,0,0,0,0,0,0,0,1,73
1686,357.0,1,49,596,14,0.011862396204033215,3.323250296559905,0,16,-0.4515,0.0,0.0,0.0,1.0,0.0,0.0,0.0,0,0,0,0,0,0,0,0,0,0,0,1,195
1688,1141.0,1,37,751,4,0.0035545023696682463,0.49111374407582936,0,18,0.644,0.0,1.0,0.0,0.0,0.0,0.0,0.0,0,0,1,0,0,0,0,0,0,0,0,0,46
1689,382.0,2,54,822,12,0.0076968620485494375,4.2048549437537,0,15,0.0,1.0,0.0,0.0,0.0,0.0,0.0,0.0,0,0,1,0,0,0,0,0,0,0,0,0,209
1696,571.0,0,38,781,10,0.02122641509433962,3.263561320754717,0,16,-0.565,1.0,0.0,0.0,0.0,0.0,0.0,0.0,0,0,1,0,0,0,0,0,0,0,0,0,279
1698,1176.0,6,34,745,16,0.0,1.6531213191990577,0,16,-0.565,0.0,0.0,0.0,0.0,0.0,1.0,0.0,0,0,1,0,0,0,0,0,0,0,0,0,138
1701,385.0,2,65,648,16,0.014109347442680775,5.799529688418577,0,17,-0.7184,0.0,0.0,1.0,0.0,0.0,0.0,0.0,0,0,1,0,0,0,0,0,0,0,0,0,322
1718,336.0,2,52,614,18,0.005820721769499418,0.7345750873108265,0,15,0.7975,0.0,0.0,0.0,0.0,0.0,0.0,1.0,0,0,1,0,0,0,0,0,0,0,0,0,62
1729,706.0,3,28,895,21,0.11798727588201273,17.282822440717176,0,27,0.5008,0.0,0.0,1.0,0.0,0.0,0.0,0.0,0,0,0,0,0,0,0,0,0,0,1,0,1468
1742,1136.0,1,30,406,19,0.003444316877152698,0.8823191733639495,0,13,0.0,0.0,0.0,0.0,1.0,0.0,0.0,0.0,0,0,0,0,0,0,0,0,0,0,1,0,87
1750,535.0,2,24,520,7,0.006857142857142857,0.6674285714285715,0,20,0.0,0.0,0.0,1.0,0.0,0.0,0.0,0.0,0,0,0,0,0,0,0,0,0,1,0,0,72
1765,504.0,2,57,397,10,0.0,3.181303116147309,0,13,0.0,0.0,1.0,0.0,0.0,0.0,0.0,0.0,0,0,0,0,0,0,0,0,0,1,0,0,273
1776,425.0,4,35,486,14,0.01126126126126126,4.662725225225225,0,14,0.5859,0.0,0.0,0.0,0.0,1.0,0.0,0.0,0,0,0,0,0,0,0,0,0,1,0,0,228
1783,152.0,3,38,671,15,0.006730229949523275,1.6057206954570948,1,17,0.237,0.0,0.0,0.0,0.0,1.0,0.0,0.0,0,0,0,0,0,0,0,0,1,0,0,0,93
1791,575.0,2,37,489,10,0.03126744835287549,2.3729759910664434,2,15,-0.1027,0.0,0.0,0.0,1.0,0.0,0.0,0.0,0,0,0,0,0,0,0,0,1,0,0,0,254
1807,620.0,3,29,524,15,0.004980630879911455,0.4703929164360819,0,15,-0.1027,0.0,1.0,0.0,0.0,0.0,0.0,0.0,0,0,0,0,0,0,0,0,1,0,0,0,60
1814,544.0,4,17,438,20,0.0,1.075523704520397,0,14,-0.1027,0.0,1.0,0.0,0.0,0.0,0.0,0.0,0,1,0,0,0,0,0,0,0,0,0,0,97
1821,2054.0,3,37,1228,12,0.011532125205930808,1.5617792421746293,0,44,0.9701,0.0,1.0,0.0,0.0,0.0,0.0,0.0,0,1,0,0,0,0,0,0,0,0,0,0,98
1850,312.0,1,24,536,10,0.028648648648648647,4.686486486486486,0,16,0.4753,1.0,0.0,0.0,0.0,0.0,0.0,0.0,0,0,0,0,0,0,0,1,0,0,0,0,399
1857,615.0,2,27,506,14,0.007000538502961767,1.2837910608508347,0,15,0.2263,1.0,0.0,0.0,0.0,0.0,0.0,0.0,0,0,0,0,0,0,0,1,0,0,0,0,125
1864,370.0,2,40,556,15,0.004828326180257511,0.6845493562231759,0,14,0.7964,1.0,0.0,0.0,0.0,0.0,0.0,0.0,0,0,0,0,0,0,0,1,0,0,0,0,95
1871,754.0,1,40,609,9,0.006413682522715126,0.6044895777659006,0,19,-0.5696,1.0,0.0,0.0,0.0,0.0,0.0,0.0,0,0,0,0,0,0,0,1,0,0,0,0,72
1901,587.0,2,66,492,7,0.0,1.2908995265649659,0,18,0.9571,0.0,0.0,0.0,0.0,0.0,1.0,0.0,0,0,0,0,0,0,1,0,0,0,0,0,122
1918,693.0,1,35,397,10,0.0,0.6538060479666319,0,13,0.0,0.0,0.0,1.0,0.0,0.0,0.0,0.0,0,0,0,0,0,1,0,0,0,0,0,0,67
1925,1914.0,0,26,391,7,0.005714285714285714,0.5771428571428572,2,13,0.0,0.0,0.0,1.0,0.0,0.0,0.0,0.0,0,0,0,0,0,1,0,0,0,0,0,0,79
1939,389.0,1,51,354,6,0.02527075812274368,2.519339865910263,2,11,0.4374,0.0,0.0,1.0,0.0,0.0,0.0,0.0,0,0,0,0,1,0,0,0,0,0,0,0,270
1945,659.0,2,78,305,6,0.02056555269922879,2.2601542416452443,0,12,0.5562,0.0,0.0,0.0,1.0,0.0,0.0,0.0,0,0,0,0,1,0,0,0,0,0,0,0,236
1961,995.0,2,42,369,11,0.006119326874043855,1.3146353901070882,0,10,0.729,0.0,1.0,0.0,0.0,0.0,0.0,0.0,0,0,0,1,0,0,0,0,0,0,0,0,94
1991,738.0,1,38,126,9,0.0010045203415369162,0.38724259166248115,2,5,0.0,0.0,0.0,0.0,0.0,0.0,0.0,1.0,0,0,0,1,0,0,0,0,0,0,0,0,41
2000,625.0,2,29,270,10,0.0015,0.226,0,7,0.5848,0.0,0.0,0.0,0.0,1.0,0.0,0.0,1,0,0,0,0,0,0,0,0,0,0,0,29
2003,502.0,2,20,126,7,0.0029955067398901645,0.9425861208187718,0,5,0.0,0.0,1.0,0.0,0.0,0.0,0.0,0.0,1,0,0,0,0,0,0,0,0,0,0,0,86
2010,1157.0,1,30,167,5,0.003482587064676617,0.9437810945273631,2,7,0.5046,1.0,0.0,0.0,0.0,0.0,0.0,0.0,1,0,0,0,0,0,0,0,0,0,0,0,105
2027,670.0,1,19,145,8,0.053280710409472125,10.682782437099162,0,7,0.0,0.0,0.0,0.0,0.0,0.0,1.0,0.0,0,0,0,0,0,0,0,0,0,0,0,1,1149
2039,1259.0,1,22,402,13,0.032368808239333004,4.2898479646885725,0,10,0.7719,1.0,0.0,0.0,0.0,0.0,0.0,0.0,0,0,0,0,0,0,0,0,0,0,0,1,414
2055,15.0,8,38,222,31,0.0,21.8330900243309,1,11,0.0,0.0,0.0,0.0,0.0,0.0,1.0,0.0,0,0,1,0,0,0,0,0,0,0,0,0,1577
2068,561.0,2,35,258,5,0.022727272727272728,6.523694390715668,2,10,0.0,0.0,0.0,0.0,0.0,0.0,0.0,1.0,0,0,1,0,0,0,0,0,0,0,0,0,394
2114,1510.0,0,31,353,9,0.006622516556291391,1.1991485335856196,2,9,0.6433,0.0,0.0,1.0,0.0,0.0,0.0,0.0,0,0,0,0,0,0,0,0,0,1,0,0,96
2132,543.0,1,39,204,9,0.0009380863039399625,0.4873358348968105,3,7,-0.3071,0.0,0.0,0.0,0.0,0.0,1.0,0.0,0,0,0,0,0,0,0,0,0,1,0,0,53
2150,452.0,1,53,125,9,0.0027906976744186047,0.5576744186046512,0,6,0.0,0.0,1.0,0.0,0.0,0.0,0.0,0.0,0,0,0,0,0,0,0,0,1,0,0,0,56
2185,388.0,4,43,256,14,0.002745995423340961,0.7675057208237986,2,7,0.3612,0.0,1.0,0.0,0.0,0.0,0.0,0.0,0,1,0,0,0,0,0,0,0,0,0,0,86
2216,59.0,4,51,108,20,0.00315884476534296,0.8384476534296029,2,5,-0.5574,0.0,0.0,0.0,0.0,0.0,1.0,0.0,0,0,0,0,0,0,0,1,0,0,0,0,81
2238,576.0,1,27,100,6,0.005361930294906166,0.6845397676496873,0,5,0.0,0.0,0.0,0.0,0.0,1.0,0.0,0.0,0,0,0,0,0,0,1,0,0,0,0,0,110
2279,553.0,1,21,211,4,0.03203159280386134,7.243089074155331,0,8,0.4574,0.0,0.0,0.0,0.0,0.0,1.0,0.0,0,0,0,0,0,1,0,0,0,0,0,0,568
2285,607.0,2,14,985,13,0.003063457330415755,0.4538293216630197,0,34,0.9833,0.0,0.0,0.0,0.0,0.0,0.0,1.0,0,0,0,0,0,1,0,0,0,0,0,0,54
2293,461.0,2,14,186,15,0.012211077191452245,1.8068033144352378,0,8,-0.2533,0.0,0.0,0.0,0.0,0.0,1.0,0.0,0,0,0,0,0,1,0,0,0,0,0,0,176
2305,55.0,2,20,142,13,0.0,1.0351409978308026,0,4,0.9042,1.0,0.0,0.0,0.0,0.0,0.0,0.0,0,0,0,0,1,0,0,0,0,0,0,0,91
2315,603.0,5,49,285,20,0.004319654427645789,1.2639308855291578,0,8,0.8231,0.0,0.0,0.0,0.0,1.0,0.0,0.0,0,0,0,0,1,0,0,0,0,0,0,0,143
